id,category,typst,typst_kind,docx,docx_part,typst_to_docx,docx_to_typst,implementation_t2d,implementation_d2t,notes
M0001,Language / markup,plain markup text,syntax,w:p / w:r / w:t,word/document.xml,high,high,full,full,Unicode text and paragraph boundaries map directly; line wrapping is renderer-dependent.
M0002,Language / markup,paragraph break (blank line),syntax,w:p boundary,word/document.xml,exact,exact,full,full,A blank markup line becomes a new Word paragraph.
M0003,Language / markup,escaped line break \,syntax,w:br,word/document.xml,high,high,full,full,Typst linebreak and Word text-wrapping break are equivalent for ordinary text.
M0004,Language / markup,non-breaking space / weak spacing,syntax,Unicode NBSP or w:noBreakHyphen / spacing,word/document.xml,approximate,approximate,partial,partial,Word has several special spacing characters; Typst has richer layout spacing semantics.
M0005,Language / markup,*strong*,syntax,w:rPr/w:b,word/document.xml,exact,exact,full,full,Bold intent maps directly.
M0006,Language / markup,_emphasis_,syntax,w:rPr/w:i,word/document.xml,exact,exact,full,full,Italic intent maps directly.
M0007,Language / markup,`raw text` and fenced raw blocks,syntax,Code character/paragraph style and w:t,word/document.xml + styles.xml,high,high,full,full,Language tags are retained as metadata/style hints; Word does not natively syntax-highlight code.
M0008,Language / markup,$inline math$,syntax,m:oMath,word/document.xml,high,high,full,full,Converted through OMML; unsupported math nodes retain raw OMML.
M0009,Language / markup,$ display math $,syntax,m:oMathPara,word/document.xml,high,high,full,full,Display placement maps to an equation paragraph.
M0010,Language / markup,= heading / #heading,syntax + element,Heading paragraph style + w:outlineLvl,word/document.xml + styles.xml,high,high,full,full,"Levels, labels, and outline participation are retained; custom show rules are not evaluated."
M0011,Language / markup,- bullet list,syntax,w:numPr + numbering.xml bullet level,word/document.xml + numbering.xml,high,high,full,full,Nested levels and custom bullet glyphs are supported.
M0012,Language / markup,+ numbered list,syntax,w:numPr + numbering.xml numeric level,word/document.xml + numbering.xml,high,high,full,full,Starts and common decimal/letter/Roman formats map directly.
M0013,Language / markup,/ term: description,syntax,definition-style paragraph sequence or table,word/document.xml,approximate,approximate,full,partial,WordprocessingML has no native definition-list element.
M0014,Language / markup,[content block],syntax,sequence of Word blocks/inlines,word/document.xml,high,high,full,partial,Content values are flattened to their materialized document tree.
M0015,Language / markup,<label>,syntax,w:bookmarkStart / w:bookmarkEnd,word/document.xml,high,high,full,full,Word bookmark names are sanitized to Word's identifier constraints.
M0016,Language / markup,@reference,syntax,REF/PAGEREF field or internal hyperlink,word/document.xml,high,high,full,full,Reference supplements and automatic localization may need Word field updates.
M0017,Language / markup,URL / #link,syntax + element,w:hyperlink relationship or anchor,document relationships,exact,exact,full,full,External hyperlinks and internal targets are supported.
M0018,Language / markup,// line comment,syntax,no visible Word node,none,none,none,none,none,Typst source comments are preserved only by embedded exact-roundtrip source.
M0019,Language / markup,/* nested block comment */,syntax,no visible Word node,none,none,none,none,none,"Comments are source-level, not document-level Word comments."
M0020,Language / markup,# expression escape,syntax,materialized result or preservation payload,customXml/typx-source.xml,evaluate,none,partial,none,Literal/simple expressions are parsed; arbitrary computation is preserved rather than executed.
M0021,Language / code,#let binding,code construct,No native OOXML language construct; materialized document result plus embedded Typst source,customXml/typx-source.xml,evaluate,none,partial,none,"The converter is a structural parser, not the Typst engine. Literal bindings and static includes are handled; dynamic behavior is preserved in source/raw wrappers."
M0022,Language / code,function definition,code construct,No native OOXML language construct; materialized document result plus embedded Typst source,customXml/typx-source.xml,evaluate,none,partial,none,"The converter is a structural parser, not the Typst engine. Literal bindings and static includes are handled; dynamic behavior is preserved in source/raw wrappers."
M0023,Language / code,anonymous function,code construct,No native OOXML language construct; materialized document result plus embedded Typst source,customXml/typx-source.xml,evaluate,none,partial,none,"The converter is a structural parser, not the Typst engine. Literal bindings and static includes are handled; dynamic behavior is preserved in source/raw wrappers."
M0024,Language / code,function call,code construct,No native OOXML language construct; materialized document result plus embedded Typst source,customXml/typx-source.xml,evaluate,none,partial,none,"The converter is a structural parser, not the Typst engine. Literal bindings and static includes are handled; dynamic behavior is preserved in source/raw wrappers."
M0025,Language / code,named arguments,code construct,No native OOXML language construct; materialized document result plus embedded Typst source,customXml/typx-source.xml,evaluate,none,partial,none,"The converter is a structural parser, not the Typst engine. Literal bindings and static includes are handled; dynamic behavior is preserved in source/raw wrappers."
M0026,Language / code,positional arguments,code construct,No native OOXML language construct; materialized document result plus embedded Typst source,customXml/typx-source.xml,evaluate,none,partial,none,"The converter is a structural parser, not the Typst engine. Literal bindings and static includes are handled; dynamic behavior is preserved in source/raw wrappers."
M0027,Language / code,argument spreading,code construct,No native OOXML language construct; materialized document result plus embedded Typst source,customXml/typx-source.xml,evaluate,none,partial,none,"The converter is a structural parser, not the Typst engine. Literal bindings and static includes are handled; dynamic behavior is preserved in source/raw wrappers."
M0028,Language / code,destructuring binding,code construct,No native OOXML language construct; materialized document result plus embedded Typst source,customXml/typx-source.xml,evaluate,none,partial,none,"The converter is a structural parser, not the Typst engine. Literal bindings and static includes are handled; dynamic behavior is preserved in source/raw wrappers."
M0029,Language / code,if / else,code construct,No native OOXML language construct; materialized document result plus embedded Typst source,customXml/typx-source.xml,evaluate,none,partial,none,"The converter is a structural parser, not the Typst engine. Literal bindings and static includes are handled; dynamic behavior is preserved in source/raw wrappers."
M0030,Language / code,for loop,code construct,No native OOXML language construct; materialized document result plus embedded Typst source,customXml/typx-source.xml,evaluate,none,partial,none,"The converter is a structural parser, not the Typst engine. Literal bindings and static includes are handled; dynamic behavior is preserved in source/raw wrappers."
M0031,Language / code,while loop,code construct,No native OOXML language construct; materialized document result plus embedded Typst source,customXml/typx-source.xml,evaluate,none,partial,none,"The converter is a structural parser, not the Typst engine. Literal bindings and static includes are handled; dynamic behavior is preserved in source/raw wrappers."
M0032,Language / code,break,code construct,No native OOXML language construct; materialized document result plus embedded Typst source,customXml/typx-source.xml,evaluate,none,partial,none,"The converter is a structural parser, not the Typst engine. Literal bindings and static includes are handled; dynamic behavior is preserved in source/raw wrappers."
M0033,Language / code,continue,code construct,No native OOXML language construct; materialized document result plus embedded Typst source,customXml/typx-source.xml,evaluate,none,partial,none,"The converter is a structural parser, not the Typst engine. Literal bindings and static includes are handled; dynamic behavior is preserved in source/raw wrappers."
M0034,Language / code,return,code construct,No native OOXML language construct; materialized document result plus embedded Typst source,customXml/typx-source.xml,evaluate,none,partial,none,"The converter is a structural parser, not the Typst engine. Literal bindings and static includes are handled; dynamic behavior is preserved in source/raw wrappers."
M0035,Language / code,context expression,code construct,No native OOXML language construct; materialized document result plus embedded Typst source,customXml/typx-source.xml,evaluate,none,partial,none,"The converter is a structural parser, not the Typst engine. Literal bindings and static includes are handled; dynamic behavior is preserved in source/raw wrappers."
M0036,Language / code,set rule,code construct,No native OOXML language construct; materialized document result plus embedded Typst source,customXml/typx-source.xml,evaluate,none,partial,none,"The converter is a structural parser, not the Typst engine. Literal bindings and static includes are handled; dynamic behavior is preserved in source/raw wrappers."
M0037,Language / code,show rule,code construct,No native OOXML language construct; materialized document result plus embedded Typst source,customXml/typx-source.xml,evaluate,none,partial,none,"The converter is a structural parser, not the Typst engine. Literal bindings and static includes are handled; dynamic behavior is preserved in source/raw wrappers."
M0038,Language / code,show-set rule,code construct,No native OOXML language construct; materialized document result plus embedded Typst source,customXml/typx-source.xml,evaluate,none,partial,none,"The converter is a structural parser, not the Typst engine. Literal bindings and static includes are handled; dynamic behavior is preserved in source/raw wrappers."
M0039,Language / code,import,code construct,No native OOXML language construct; materialized document result plus embedded Typst source,customXml/typx-source.xml,evaluate,none,partial,none,"The converter is a structural parser, not the Typst engine. Literal bindings and static includes are handled; dynamic behavior is preserved in source/raw wrappers."
M0040,Language / code,include,code construct,No native OOXML language construct; materialized document result plus embedded Typst source,customXml/typx-source.xml,evaluate,none,partial,none,"The converter is a structural parser, not the Typst engine. Literal bindings and static includes are handled; dynamic behavior is preserved in source/raw wrappers."
M0041,Language / code,module member access,code construct,No native OOXML language construct; materialized document result plus embedded Typst source,customXml/typx-source.xml,evaluate,none,partial,none,"The converter is a structural parser, not the Typst engine. Literal bindings and static includes are handled; dynamic behavior is preserved in source/raw wrappers."
M0042,Language / code,method call,code construct,No native OOXML language construct; materialized document result plus embedded Typst source,customXml/typx-source.xml,evaluate,none,partial,none,"The converter is a structural parser, not the Typst engine. Literal bindings and static includes are handled; dynamic behavior is preserved in source/raw wrappers."
M0043,Language / code,array indexing,code construct,No native OOXML language construct; materialized document result plus embedded Typst source,customXml/typx-source.xml,evaluate,none,partial,none,"The converter is a structural parser, not the Typst engine. Literal bindings and static includes are handled; dynamic behavior is preserved in source/raw wrappers."
M0044,Language / code,dictionary access,code construct,No native OOXML language construct; materialized document result plus embedded Typst source,customXml/typx-source.xml,evaluate,none,partial,none,"The converter is a structural parser, not the Typst engine. Literal bindings and static includes are handled; dynamic behavior is preserved in source/raw wrappers."
M0045,Language / code,assignment,code construct,No native OOXML language construct; materialized document result plus embedded Typst source,customXml/typx-source.xml,evaluate,none,partial,none,"The converter is a structural parser, not the Typst engine. Literal bindings and static includes are handled; dynamic behavior is preserved in source/raw wrappers."
M0046,Language / code,compound assignment,code construct,No native OOXML language construct; materialized document result plus embedded Typst source,customXml/typx-source.xml,evaluate,none,partial,none,"The converter is a structural parser, not the Typst engine. Literal bindings and static includes are handled; dynamic behavior is preserved in source/raw wrappers."
M0047,Language / code,comparison operators,code construct,No native OOXML language construct; materialized document result plus embedded Typst source,customXml/typx-source.xml,evaluate,none,partial,none,"The converter is a structural parser, not the Typst engine. Literal bindings and static includes are handled; dynamic behavior is preserved in source/raw wrappers."
M0048,Language / code,boolean operators,code construct,No native OOXML language construct; materialized document result plus embedded Typst source,customXml/typx-source.xml,evaluate,none,partial,none,"The converter is a structural parser, not the Typst engine. Literal bindings and static includes are handled; dynamic behavior is preserved in source/raw wrappers."
M0049,Language / code,arithmetic operators,code construct,No native OOXML language construct; materialized document result plus embedded Typst source,customXml/typx-source.xml,evaluate,none,partial,none,"The converter is a structural parser, not the Typst engine. Literal bindings and static includes are handled; dynamic behavior is preserved in source/raw wrappers."
M0050,Language / code,range construction,code construct,No native OOXML language construct; materialized document result plus embedded Typst source,customXml/typx-source.xml,evaluate,none,partial,none,"The converter is a structural parser, not the Typst engine. Literal bindings and static includes are handled; dynamic behavior is preserved in source/raw wrappers."
M0051,Language / code,field access,code construct,No native OOXML language construct; materialized document result plus embedded Typst source,customXml/typx-source.xml,evaluate,none,partial,none,"The converter is a structural parser, not the Typst engine. Literal bindings and static includes are handled; dynamic behavior is preserved in source/raw wrappers."
M0052,Language / code,closure capture,code construct,No native OOXML language construct; materialized document result plus embedded Typst source,customXml/typx-source.xml,evaluate,none,partial,none,"The converter is a structural parser, not the Typst engine. Literal bindings and static includes are handled; dynamic behavior is preserved in source/raw wrappers."
M0053,Foundations / values,none,value/type,"Literal property, text, custom property, field, or embedded source depending on use",multiple parts,evaluate,none,partial,none,Values have no standalone DOCX equivalent. They map only when consumed by a document element; source-level identity is retained by the embedded Typst payload.
M0054,Foundations / values,auto,value/type,"Literal property, text, custom property, field, or embedded source depending on use",multiple parts,evaluate,none,partial,none,Values have no standalone DOCX equivalent. They map only when consumed by a document element; source-level identity is retained by the embedded Typst payload.
M0055,Foundations / values,bool,value/type,"Literal property, text, custom property, field, or embedded source depending on use",multiple parts,evaluate,none,partial,none,Values have no standalone DOCX equivalent. They map only when consumed by a document element; source-level identity is retained by the embedded Typst payload.
M0056,Foundations / values,int,value/type,"Literal property, text, custom property, field, or embedded source depending on use",multiple parts,evaluate,none,partial,none,Values have no standalone DOCX equivalent. They map only when consumed by a document element; source-level identity is retained by the embedded Typst payload.
M0057,Foundations / values,float,value/type,"Literal property, text, custom property, field, or embedded source depending on use",multiple parts,evaluate,none,partial,none,Values have no standalone DOCX equivalent. They map only when consumed by a document element; source-level identity is retained by the embedded Typst payload.
M0058,Foundations / values,decimal,value/type,"Literal property, text, custom property, field, or embedded source depending on use",multiple parts,evaluate,none,partial,none,Values have no standalone DOCX equivalent. They map only when consumed by a document element; source-level identity is retained by the embedded Typst payload.
M0059,Foundations / values,fraction,value/type,"Literal property, text, custom property, field, or embedded source depending on use",multiple parts,evaluate,none,partial,none,Values have no standalone DOCX equivalent. They map only when consumed by a document element; source-level identity is retained by the embedded Typst payload.
M0060,Foundations / values,ratio,value/type,"Literal property, text, custom property, field, or embedded source depending on use",multiple parts,evaluate,none,partial,none,Values have no standalone DOCX equivalent. They map only when consumed by a document element; source-level identity is retained by the embedded Typst payload.
M0061,Foundations / values,angle,value/type,"Literal property, text, custom property, field, or embedded source depending on use",multiple parts,evaluate,none,partial,none,Values have no standalone DOCX equivalent. They map only when consumed by a document element; source-level identity is retained by the embedded Typst payload.
M0062,Foundations / values,length,value/type,"Literal property, text, custom property, field, or embedded source depending on use",multiple parts,evaluate,none,partial,none,Values have no standalone DOCX equivalent. They map only when consumed by a document element; source-level identity is retained by the embedded Typst payload.
M0063,Foundations / values,relative,value/type,"Literal property, text, custom property, field, or embedded source depending on use",multiple parts,evaluate,none,partial,none,Values have no standalone DOCX equivalent. They map only when consumed by a document element; source-level identity is retained by the embedded Typst payload.
M0064,Foundations / values,color,value/type,"Literal property, text, custom property, field, or embedded source depending on use",multiple parts,evaluate,none,partial,none,Values have no standalone DOCX equivalent. They map only when consumed by a document element; source-level identity is retained by the embedded Typst payload.
M0065,Foundations / values,gradient,value/type,"Literal property, text, custom property, field, or embedded source depending on use",multiple parts,evaluate,none,partial,none,Values have no standalone DOCX equivalent. They map only when consumed by a document element; source-level identity is retained by the embedded Typst payload.
M0066,Foundations / values,tiling/pattern,value/type,"Literal property, text, custom property, field, or embedded source depending on use",multiple parts,evaluate,none,partial,none,Values have no standalone DOCX equivalent. They map only when consumed by a document element; source-level identity is retained by the embedded Typst payload.
M0067,Foundations / values,stroke,value/type,"Literal property, text, custom property, field, or embedded source depending on use",multiple parts,evaluate,none,partial,none,Values have no standalone DOCX equivalent. They map only when consumed by a document element; source-level identity is retained by the embedded Typst payload.
M0068,Foundations / values,alignment,value/type,"Literal property, text, custom property, field, or embedded source depending on use",multiple parts,evaluate,none,partial,none,Values have no standalone DOCX equivalent. They map only when consumed by a document element; source-level identity is retained by the embedded Typst payload.
M0069,Foundations / values,direction,value/type,"Literal property, text, custom property, field, or embedded source depending on use",multiple parts,evaluate,none,partial,none,Values have no standalone DOCX equivalent. They map only when consumed by a document element; source-level identity is retained by the embedded Typst payload.
M0070,Foundations / values,array,value/type,"Literal property, text, custom property, field, or embedded source depending on use",multiple parts,evaluate,none,partial,none,Values have no standalone DOCX equivalent. They map only when consumed by a document element; source-level identity is retained by the embedded Typst payload.
M0071,Foundations / values,dictionary,value/type,"Literal property, text, custom property, field, or embedded source depending on use",multiple parts,evaluate,none,partial,none,Values have no standalone DOCX equivalent. They map only when consumed by a document element; source-level identity is retained by the embedded Typst payload.
M0072,Foundations / values,string,value/type,"Literal property, text, custom property, field, or embedded source depending on use",multiple parts,evaluate,none,partial,none,Values have no standalone DOCX equivalent. They map only when consumed by a document element; source-level identity is retained by the embedded Typst payload.
M0073,Foundations / values,bytes,value/type,"Literal property, text, custom property, field, or embedded source depending on use",multiple parts,evaluate,none,partial,none,Values have no standalone DOCX equivalent. They map only when consumed by a document element; source-level identity is retained by the embedded Typst payload.
M0074,Foundations / values,regex,value/type,"Literal property, text, custom property, field, or embedded source depending on use",multiple parts,evaluate,none,partial,none,Values have no standalone DOCX equivalent. They map only when consumed by a document element; source-level identity is retained by the embedded Typst payload.
M0075,Foundations / values,datetime,value/type,"Literal property, text, custom property, field, or embedded source depending on use",multiple parts,evaluate,none,partial,none,Values have no standalone DOCX equivalent. They map only when consumed by a document element; source-level identity is retained by the embedded Typst payload.
M0076,Foundations / values,duration,value/type,"Literal property, text, custom property, field, or embedded source depending on use",multiple parts,evaluate,none,partial,none,Values have no standalone DOCX equivalent. They map only when consumed by a document element; source-level identity is retained by the embedded Typst payload.
M0077,Foundations / values,version,value/type,"Literal property, text, custom property, field, or embedded source depending on use",multiple parts,evaluate,none,partial,none,Values have no standalone DOCX equivalent. They map only when consumed by a document element; source-level identity is retained by the embedded Typst payload.
M0078,Foundations / values,label,value/type,"Literal property, text, custom property, field, or embedded source depending on use",multiple parts,evaluate,none,partial,none,Values have no standalone DOCX equivalent. They map only when consumed by a document element; source-level identity is retained by the embedded Typst payload.
M0079,Foundations / values,content,value/type,"Literal property, text, custom property, field, or embedded source depending on use",multiple parts,evaluate,none,partial,none,Values have no standalone DOCX equivalent. They map only when consumed by a document element; source-level identity is retained by the embedded Typst payload.
M0080,Foundations / values,selector,value/type,"Literal property, text, custom property, field, or embedded source depending on use",multiple parts,evaluate,none,partial,none,Values have no standalone DOCX equivalent. They map only when consumed by a document element; source-level identity is retained by the embedded Typst payload.
M0081,Foundations / values,location,value/type,"Literal property, text, custom property, field, or embedded source depending on use",multiple parts,evaluate,none,partial,none,Values have no standalone DOCX equivalent. They map only when consumed by a document element; source-level identity is retained by the embedded Typst payload.
M0082,Foundations / values,counter,value/type,"Literal property, text, custom property, field, or embedded source depending on use",multiple parts,evaluate,none,partial,none,Values have no standalone DOCX equivalent. They map only when consumed by a document element; source-level identity is retained by the embedded Typst payload.
M0083,Foundations / values,state,value/type,"Literal property, text, custom property, field, or embedded source depending on use",multiple parts,evaluate,none,partial,none,Values have no standalone DOCX equivalent. They map only when consumed by a document element; source-level identity is retained by the embedded Typst payload.
M0084,Foundations / values,function,value/type,"Literal property, text, custom property, field, or embedded source depending on use",multiple parts,evaluate,none,partial,none,Values have no standalone DOCX equivalent. They map only when consumed by a document element; source-level identity is retained by the embedded Typst payload.
M0085,Foundations / values,type,value/type,"Literal property, text, custom property, field, or embedded source depending on use",multiple parts,evaluate,none,partial,none,Values have no standalone DOCX equivalent. They map only when consumed by a document element; source-level identity is retained by the embedded Typst payload.
M0086,Foundations / values,module,value/type,"Literal property, text, custom property, field, or embedded source depending on use",multiple parts,evaluate,none,partial,none,Values have no standalone DOCX equivalent. They map only when consumed by a document element; source-level identity is retained by the embedded Typst payload.
M0087,Foundations / values,plugin,value/type,"Literal property, text, custom property, field, or embedded source depending on use",multiple parts,evaluate,none,partial,none,Values have no standalone DOCX equivalent. They map only when consumed by a document element; source-level identity is retained by the embedded Typst payload.
M0088,Document model,document,element,core/app/custom document properties,docProps/*.xml,high,high,full,full,"Title, author, subject, keywords, language, dates, description, category, and custom values are mapped."
M0089,Document model,metadata,element,"w:docVars, custom properties, semantic metadata",settings.xml / docProps/custom.xml,approximate,approximate,partial,partial,Metadata with no standard core property is stored as a custom property or raw payload.
M0090,Document model,heading,element,w:p with heading style and outline level,word/document.xml,high,high,full,full,Numbering can be represented through numbering styles or SEQ/REF fields; complex show rules are preserved.
M0091,Document model,outline,element,TOC field,word/document.xml,high,high,full,full,Word must update the TOC field to materialize current entries.
M0092,Document model,figure,element,drawing/table/equation plus Caption paragraph and SEQ field,word/document.xml,high,approximate,full,partial,Word has captions but no general figure wrapper. Body and caption association is heuristic in DOCX to Typst.
M0093,Document model,figure.caption,element,Caption style paragraph + SEQ field,word/document.xml,high,high,full,partial,Labels become bookmarks.
M0094,Document model,quote,element,Quote-style paragraph(s),word/document.xml + styles.xml,high,high,full,full,Attribution becomes a right-aligned quote paragraph.
M0095,Document model,footnote,element,w:footnoteReference and footnotes part,word/footnotes.xml,exact,exact,full,full,Standard footnotes and their block content are supported.
M0096,Document model,endnote,conceptual extension,w:endnoteReference and endnotes part,word/endnotes.xml,high,exact,full,full,Typst has native footnotes but no distinct endnote primitive; endnotes use preservation wrappers on the Typst side.
M0097,Document model,ref,element,"REF, PAGEREF, NOTEREF field",word/document.xml,high,high,full,full,Reference form selects field code or hyperlink.
M0098,Document model,link,element,w:hyperlink,word/document.xml + relationships,exact,exact,full,full,Tooltip and internal/external targets are retained.
M0099,Document model,bibliography,element,"bibliography sources, CITATION/BIBLIOGRAPHY fields, or static paragraphs",word/bibliography.xml / document.xml,approximate,approximate,partial,partial,CSL processing and Word bibliography engines differ. Citation keys and visible fallback are retained.
M0100,Document model,cite,element,CITATION field,word/document.xml,high,high,full,partial,Multiple keys and supplements are mapped to field switches where possible.
M0101,Document model,numbering,function,w:numFmt / w:lvlText / field switches,numbering.xml / document.xml,high,high,partial,partial,"Common Arabic, alphabetic, Roman, ordinal, and custom patterns are supported."
M0102,Document model,list,element,numbering definition with bullet format,numbering.xml,high,high,full,full,Marker alignment/layout properties are approximated by indents and tabs.
M0103,Document model,enum,element,numbering definition with numeric format,numbering.xml,high,high,full,full,Nested numbering and starts are supported.
M0104,Document model,terms,element,definition-style paragraphs,word/document.xml,approximate,approximate,full,partial,No semantic WordprocessingML counterpart.
M0105,Document model,table,element,w:tbl,word/document.xml,high,high,full,full,"Rows, cells, widths, alignment, borders, shading, layout, caption, and description are covered."
M0106,Document model,table.cell,element,w:tc / w:tcPr,word/document.xml,high,high,full,full,"Column spans, row spans, cell margins, vertical alignment, direction, shading, and borders are supported."
M0107,Document model,table.header,configuration,w:tblHeader row property,word/document.xml,high,high,full,full,Repeating header rows map directly.
M0108,Document model,divider,element,paragraph bottom border,word/document.xml,high,approximate,full,partial,Word has no thematic-break element; a bordered empty paragraph is used.
M0109,Document model,paragraph,element,w:p,word/document.xml,exact,exact,full,full,Paragraph style and direct formatting are merged into the intermediate model.
M0110,Document model,linebreak,element,w:br,word/document.xml,exact,exact,full,full,Page and column break variants are also covered.
M0111,Document model,smartquote,element,literal typographic quotation marks,word/document.xml,high,approximate,partial,partial,"Word smart-quote behavior is an application option, not a persistent semantic node."
M0112,Text formatting,text.font,property,w:rFonts,word/document.xml + styles.xml,high,high,full,full,Variable-font axes and arbitrary OpenType features may be retained only as raw formatting.
M0113,Text formatting,text.size,property,w:sz / w:szCs,word/document.xml + styles.xml,exact,exact,full,full,Variable-font axes and arbitrary OpenType features may be retained only as raw formatting.
M0114,Text formatting,text.weight,property,w:b / font weight,word/document.xml + styles.xml,high,high,full,full,Variable-font axes and arbitrary OpenType features may be retained only as raw formatting.
M0115,Text formatting,text.style,property,w:i,word/document.xml + styles.xml,high,high,full,full,Variable-font axes and arbitrary OpenType features may be retained only as raw formatting.
M0116,Text formatting,text.fill,property,w:color,word/document.xml + styles.xml,high,high,full,full,Variable-font axes and arbitrary OpenType features may be retained only as raw formatting.
M0117,Text formatting,text.stroke,property,w:outline or text effects,word/document.xml + styles.xml,approximate,approximate,partial,partial,Variable-font axes and arbitrary OpenType features may be retained only as raw formatting.
M0118,Text formatting,text.tracking,property,w:spacing,word/document.xml + styles.xml,high,high,full,full,Variable-font axes and arbitrary OpenType features may be retained only as raw formatting.
M0119,Text formatting,text.stretch,property,w:w,word/document.xml + styles.xml,high,high,full,full,Variable-font axes and arbitrary OpenType features may be retained only as raw formatting.
M0120,Text formatting,text.baseline,property,w:position,word/document.xml + styles.xml,high,high,full,full,Variable-font axes and arbitrary OpenType features may be retained only as raw formatting.
M0121,Text formatting,text.lang,property,w:lang/@w:val,word/document.xml + styles.xml,exact,exact,full,full,Variable-font axes and arbitrary OpenType features may be retained only as raw formatting.
M0122,Text formatting,text.region,property,BCP 47 region in w:lang,word/document.xml + styles.xml,high,high,full,full,Variable-font axes and arbitrary OpenType features may be retained only as raw formatting.
M0123,Text formatting,text.script,property,w:rFonts eastAsia/cs + w:lang,word/document.xml + styles.xml,approximate,approximate,partial,partial,Variable-font axes and arbitrary OpenType features may be retained only as raw formatting.
M0124,Text formatting,text.dir,property,w:rtl / paragraph bidi,word/document.xml + styles.xml,high,high,full,full,Variable-font axes and arbitrary OpenType features may be retained only as raw formatting.
M0125,Text formatting,text.hyphenate,property,w:suppressAutoHyphens/document settings,word/document.xml + styles.xml,approximate,approximate,partial,partial,Variable-font axes and arbitrary OpenType features may be retained only as raw formatting.
M0126,Text formatting,text.costs,property,no direct counterpart,word/document.xml + styles.xml,none,none,none,none,Variable-font axes and arbitrary OpenType features may be retained only as raw formatting.
M0127,Text formatting,text.top-edge,property,font metrics only,word/document.xml + styles.xml,none,none,none,none,Variable-font axes and arbitrary OpenType features may be retained only as raw formatting.
M0128,Text formatting,text.bottom-edge,property,font metrics only,word/document.xml + styles.xml,none,none,none,none,Variable-font axes and arbitrary OpenType features may be retained only as raw formatting.
M0129,Text formatting,text.discretionary-ligatures,property,OpenType feature settings,word/document.xml + styles.xml,approximate,approximate,partial,partial,Variable-font axes and arbitrary OpenType features may be retained only as raw formatting.
M0130,Text formatting,text.historical-ligatures,property,OpenType feature settings,word/document.xml + styles.xml,approximate,approximate,partial,partial,Variable-font axes and arbitrary OpenType features may be retained only as raw formatting.
M0131,Text formatting,text.number-type,property,OpenType feature settings,word/document.xml + styles.xml,approximate,approximate,partial,partial,Variable-font axes and arbitrary OpenType features may be retained only as raw formatting.
M0132,Text formatting,text.number-width,property,OpenType feature settings,word/document.xml + styles.xml,approximate,approximate,partial,partial,Variable-font axes and arbitrary OpenType features may be retained only as raw formatting.
M0133,Text formatting,text.slashed-zero,property,OpenType feature settings,word/document.xml + styles.xml,approximate,approximate,partial,partial,Variable-font axes and arbitrary OpenType features may be retained only as raw formatting.
M0134,Text formatting,text.fractions,property,OpenType feature settings,word/document.xml + styles.xml,approximate,approximate,partial,partial,Variable-font axes and arbitrary OpenType features may be retained only as raw formatting.
M0135,Text formatting,text.stylistic-set,property,OpenType feature settings,word/document.xml + styles.xml,approximate,approximate,partial,partial,Variable-font axes and arbitrary OpenType features may be retained only as raw formatting.
M0136,Text formatting,strong,element,w:b,word/document.xml,high,high,full,full,Case transformation can be semantic in Typst but is often materialized as text in Word.
M0137,Text formatting,emph,element,w:i,word/document.xml,high,high,full,full,Case transformation can be semantic in Typst but is often materialized as text in Word.
M0138,Text formatting,underline,element,w:u,word/document.xml,high,high,full,full,Case transformation can be semantic in Typst but is often materialized as text in Word.
M0139,Text formatting,overline,element,w:bar/text effect,word/document.xml,high,high,full,full,Case transformation can be semantic in Typst but is often materialized as text in Word.
M0140,Text formatting,strike,element,w:strike,word/document.xml,high,high,full,full,Case transformation can be semantic in Typst but is often materialized as text in Word.
M0141,Text formatting,highlight,element,w:highlight or w:shd,word/document.xml,high,high,full,full,Case transformation can be semantic in Typst but is often materialized as text in Word.
M0142,Text formatting,smallcaps,element,w:smallCaps,word/document.xml,high,high,full,full,Case transformation can be semantic in Typst but is often materialized as text in Word.
M0143,Text formatting,upper,element,w:caps or transformed text,word/document.xml,high,high,full,full,Case transformation can be semantic in Typst but is often materialized as text in Word.
M0144,Text formatting,lower,element,transformed text,word/document.xml,high,high,full,full,Case transformation can be semantic in Typst but is often materialized as text in Word.
M0145,Text formatting,super,element,w:vertAlign=superscript,word/document.xml,high,high,full,full,Case transformation can be semantic in Typst but is often materialized as text in Word.
M0146,Text formatting,sub,element,w:vertAlign=subscript,word/document.xml,high,high,full,full,Case transformation can be semantic in Typst but is often materialized as text in Word.
M0147,Text formatting,hide,element,w:vanish or omitted content,word/document.xml,high,high,full,full,Case transformation can be semantic in Typst but is often materialized as text in Word.
M0148,Paragraph formatting,par.leading,property,w:spacing/@w:line,word/document.xml + styles.xml,approximate,approximate,partial,partial,"Typst and Word use different line-layout algorithms, so pagination can differ even when properties map."
M0149,Paragraph formatting,par.spacing,property,w:spacing before/after,word/document.xml + styles.xml,high,high,full,full,"Typst and Word use different line-layout algorithms, so pagination can differ even when properties map."
M0150,Paragraph formatting,par.justify,property,w:jc=both,word/document.xml + styles.xml,high,high,full,full,"Typst and Word use different line-layout algorithms, so pagination can differ even when properties map."
M0151,Paragraph formatting,par.linebreaks,property,line-breaking application behavior,word/document.xml + styles.xml,approximate,approximate,partial,partial,"Typst and Word use different line-layout algorithms, so pagination can differ even when properties map."
M0152,Paragraph formatting,par.first-line-indent,property,w:ind/@w:firstLine,word/document.xml + styles.xml,exact,exact,full,full,"Typst and Word use different line-layout algorithms, so pagination can differ even when properties map."
M0153,Paragraph formatting,par.hanging-indent,property,w:ind/@w:hanging,word/document.xml + styles.xml,exact,exact,full,full,"Typst and Word use different line-layout algorithms, so pagination can differ even when properties map."
M0154,Paragraph formatting,par.indent,property,w:ind left/right,word/document.xml + styles.xml,high,high,full,full,"Typst and Word use different line-layout algorithms, so pagination can differ even when properties map."
M0155,Paragraph formatting,par.orphan,property,w:widowControl,word/document.xml + styles.xml,approximate,approximate,partial,partial,"Typst and Word use different line-layout algorithms, so pagination can differ even when properties map."
M0156,Paragraph formatting,par.widow,property,w:widowControl,word/document.xml + styles.xml,approximate,approximate,partial,partial,"Typst and Word use different line-layout algorithms, so pagination can differ even when properties map."
M0157,Paragraph formatting,par.keep,property,w:keepLines,word/document.xml + styles.xml,high,high,full,full,"Typst and Word use different line-layout algorithms, so pagination can differ even when properties map."
M0158,Paragraph formatting,par.keep-with-next,property,w:keepNext,word/document.xml + styles.xml,high,high,full,full,"Typst and Word use different line-layout algorithms, so pagination can differ even when properties map."
M0159,Paragraph formatting,par.tabs,property,w:tabs,word/document.xml + styles.xml,high,high,full,full,"Typst and Word use different line-layout algorithms, so pagination can differ even when properties map."
M0160,Paragraph formatting,par.align,property,w:jc,word/document.xml + styles.xml,high,high,full,full,"Typst and Word use different line-layout algorithms, so pagination can differ even when properties map."
M0161,Paragraph formatting,par.direction,property,w:bidi / w:textDirection,word/document.xml + styles.xml,high,high,full,full,"Typst and Word use different line-layout algorithms, so pagination can differ even when properties map."
M0162,Page and layout,page.width / page.height / paper,element/property,w:pgSz,word/document.xml + section/header/footer parts,high,high,full,full,Word is flow-layout oriented; arbitrary Typst layout closures and exact coordinates cannot always be reconstructed.
M0163,Page and layout,page.margin,element/property,w:pgMar,word/document.xml + section/header/footer parts,exact,exact,full,full,Word is flow-layout oriented; arbitrary Typst layout closures and exact coordinates cannot always be reconstructed.
M0164,Page and layout,page.flipped / landscape,element/property,w:pgSz/@w:orient,word/document.xml + section/header/footer parts,high,high,full,full,Word is flow-layout oriented; arbitrary Typst layout closures and exact coordinates cannot always be reconstructed.
M0165,Page and layout,page.columns,element/property,w:cols,word/document.xml + section/header/footer parts,high,high,full,full,Word is flow-layout oriented; arbitrary Typst layout closures and exact coordinates cannot always be reconstructed.
M0166,Page and layout,page.header,element/property,header part + w:headerReference,word/document.xml + section/header/footer parts,high,high,full,full,Word is flow-layout oriented; arbitrary Typst layout closures and exact coordinates cannot always be reconstructed.
M0167,Page and layout,page.footer,element/property,footer part + w:footerReference,word/document.xml + section/header/footer parts,high,high,full,full,Word is flow-layout oriented; arbitrary Typst layout closures and exact coordinates cannot always be reconstructed.
M0168,Page and layout,page.numbering,element/property,w:pgNumType + PAGE field,word/document.xml + section/header/footer parts,high,high,full,full,Word is flow-layout oriented; arbitrary Typst layout closures and exact coordinates cannot always be reconstructed.
M0169,Page and layout,page.background / fill,element/property,VML/DrawingML background or page color,word/document.xml + section/header/footer parts,approximate,approximate,partial,preserve,Word is flow-layout oriented; arbitrary Typst layout closures and exact coordinates cannot always be reconstructed.
M0170,Page and layout,page.foreground,element/property,header-layer drawing,word/document.xml + section/header/footer parts,approximate,none,partial,none,Word is flow-layout oriented; arbitrary Typst layout closures and exact coordinates cannot always be reconstructed.
M0171,Page and layout,page.binding / gutter,element/property,w:pgMar/@w:gutter,word/document.xml + section/header/footer parts,high,high,full,full,Word is flow-layout oriented; arbitrary Typst layout closures and exact coordinates cannot always be reconstructed.
M0172,Page and layout,pagebreak,element/property,w:br type=page or pageBreakBefore,word/document.xml + section/header/footer parts,exact,exact,full,full,Word is flow-layout oriented; arbitrary Typst layout closures and exact coordinates cannot always be reconstructed.
M0173,Page and layout,colbreak,element/property,w:br type=column,word/document.xml + section/header/footer parts,exact,exact,full,full,Word is flow-layout oriented; arbitrary Typst layout closures and exact coordinates cannot always be reconstructed.
M0174,Page and layout,columns,element/property,section columns,word/document.xml + section/header/footer parts,high,high,full,full,Word is flow-layout oriented; arbitrary Typst layout closures and exact coordinates cannot always be reconstructed.
M0175,Page and layout,align,element/property,paragraph/table alignment,word/document.xml + section/header/footer parts,high,high,full,full,Word is flow-layout oriented; arbitrary Typst layout closures and exact coordinates cannot always be reconstructed.
M0176,Page and layout,block,element/property,paragraph/table container properties,word/document.xml + section/header/footer parts,approximate,approximate,partial,partial,Word is flow-layout oriented; arbitrary Typst layout closures and exact coordinates cannot always be reconstructed.
M0177,Page and layout,box,element/property,inline run/drawing/text box,word/document.xml + section/header/footer parts,approximate,approximate,partial,partial,Word is flow-layout oriented; arbitrary Typst layout closures and exact coordinates cannot always be reconstructed.
M0178,Page and layout,pad,element/property,indents/cell margins/drawing offsets,word/document.xml + section/header/footer parts,approximate,approximate,partial,partial,Word is flow-layout oriented; arbitrary Typst layout closures and exact coordinates cannot always be reconstructed.
M0179,Page and layout,stack,element/property,ordered paragraphs or positioned drawings,word/document.xml + section/header/footer parts,approximate,none,partial,none,Word is flow-layout oriented; arbitrary Typst layout closures and exact coordinates cannot always be reconstructed.
M0180,Page and layout,grid,element/property,w:tbl,word/document.xml + section/header/footer parts,high,high,full,full,Word is flow-layout oriented; arbitrary Typst layout closures and exact coordinates cannot always be reconstructed.
M0181,Page and layout,place,element/property,wp:anchor positioning,word/document.xml + section/header/footer parts,approximate,approximate,partial,partial,Word is flow-layout oriented; arbitrary Typst layout closures and exact coordinates cannot always be reconstructed.
M0182,Page and layout,move,element/property,drawing offset,word/document.xml + section/header/footer parts,approximate,approximate,partial,partial,Word is flow-layout oriented; arbitrary Typst layout closures and exact coordinates cannot always be reconstructed.
M0183,Page and layout,rotate,element/property,DrawingML transform,word/document.xml + section/header/footer parts,high,high,partial,preserve,Word is flow-layout oriented; arbitrary Typst layout closures and exact coordinates cannot always be reconstructed.
M0184,Page and layout,scale,element/property,DrawingML extent/transform,word/document.xml + section/header/footer parts,high,high,partial,preserve,Word is flow-layout oriented; arbitrary Typst layout closures and exact coordinates cannot always be reconstructed.
M0185,Page and layout,skew,element/property,DrawingML transform,word/document.xml + section/header/footer parts,approximate,preserve,partial,preserve,Word is flow-layout oriented; arbitrary Typst layout closures and exact coordinates cannot always be reconstructed.
M0186,Page and layout,repeat,element/property,materialized repeated content,word/document.xml + section/header/footer parts,evaluate,none,partial,none,Word is flow-layout oriented; arbitrary Typst layout closures and exact coordinates cannot always be reconstructed.
M0187,Page and layout,measure,element/property,no stored Word counterpart,word/document.xml + section/header/footer parts,evaluate,none,none,none,Word is flow-layout oriented; arbitrary Typst layout closures and exact coordinates cannot always be reconstructed.
M0188,Page and layout,layout,element/property,materialized layout result,word/document.xml + section/header/footer parts,evaluate,none,preserve,none,Word is flow-layout oriented; arbitrary Typst layout closures and exact coordinates cannot always be reconstructed.
M0189,Visualize,image,element/property,w:drawing + a:blip/pic:pic,word/document.xml + word/media/*,high,high,full,full,The implementation favors portable images/SVG for Typst primitives; original OOXML drawings are retained as raw fragments on reverse conversion.
M0190,Visualize,image.width / height,element/property,wp:extent / a:xfrm,word/document.xml + word/media/*,exact,exact,full,full,The implementation favors portable images/SVG for Typst primitives; original OOXML drawings are retained as raw fragments on reverse conversion.
M0191,Visualize,image.alt,element/property,wp:docPr/@descr,word/document.xml + word/media/*,high,high,full,full,The implementation favors portable images/SVG for Typst primitives; original OOXML drawings are retained as raw fragments on reverse conversion.
M0192,Visualize,image.fit / crop,element/property,a:srcRect + extent,word/document.xml + word/media/*,high,high,full,full,The implementation favors portable images/SVG for Typst primitives; original OOXML drawings are retained as raw fragments on reverse conversion.
M0193,Visualize,image.format PNG/JPEG/GIF/BMP/TIFF/SVG/EMF/WMF/WebP,element/property,media part + image relationship,word/document.xml + word/media/*,high,high,full,full,The implementation favors portable images/SVG for Typst primitives; original OOXML drawings are retained as raw fragments on reverse conversion.
M0194,Visualize,rect / square,element/property,DrawingML shape or generated SVG,word/document.xml + word/media/*,high,approximate,partial,preserve,The implementation favors portable images/SVG for Typst primitives; original OOXML drawings are retained as raw fragments on reverse conversion.
M0195,Visualize,circle / ellipse,element/property,DrawingML shape or generated SVG,word/document.xml + word/media/*,high,approximate,partial,preserve,The implementation favors portable images/SVG for Typst primitives; original OOXML drawings are retained as raw fragments on reverse conversion.
M0196,Visualize,line,element/property,DrawingML line or generated SVG,word/document.xml + word/media/*,high,approximate,partial,preserve,The implementation favors portable images/SVG for Typst primitives; original OOXML drawings are retained as raw fragments on reverse conversion.
M0197,Visualize,polygon,element/property,freeform geometry or generated SVG,word/document.xml + word/media/*,high,approximate,partial,preserve,The implementation favors portable images/SVG for Typst primitives; original OOXML drawings are retained as raw fragments on reverse conversion.
M0198,Visualize,curve / path,element/property,DrawingML custom geometry or SVG,word/document.xml + word/media/*,approximate,preserve,partial,preserve,The implementation favors portable images/SVG for Typst primitives; original OOXML drawings are retained as raw fragments on reverse conversion.
M0199,Visualize,stroke,element/property,a:ln / Word borders,word/document.xml + word/media/*,high,high,partial,partial,The implementation favors portable images/SVG for Typst primitives; original OOXML drawings are retained as raw fragments on reverse conversion.
M0200,Visualize,fill color,element/property,a:solidFill / w:shd,word/document.xml + word/media/*,high,high,full,full,The implementation favors portable images/SVG for Typst primitives; original OOXML drawings are retained as raw fragments on reverse conversion.
M0201,Visualize,gradient,element/property,a:gradFill,word/document.xml + word/media/*,high,high,partial,preserve,The implementation favors portable images/SVG for Typst primitives; original OOXML drawings are retained as raw fragments on reverse conversion.
M0202,Visualize,pattern / tiling,element/property,a:pattFill / image fill,word/document.xml + word/media/*,approximate,approximate,partial,preserve,The implementation favors portable images/SVG for Typst primitives; original OOXML drawings are retained as raw fragments on reverse conversion.
M0203,Visualize,clip,element/property,a:srcRect/custom geometry,word/document.xml + word/media/*,approximate,preserve,partial,preserve,The implementation favors portable images/SVG for Typst primitives; original OOXML drawings are retained as raw fragments on reverse conversion.
M0204,Visualize,opacity,element/property,a:alpha,word/document.xml + word/media/*,high,high,partial,preserve,The implementation favors portable images/SVG for Typst primitives; original OOXML drawings are retained as raw fragments on reverse conversion.
M0205,Mathematics,equation,math syntax/function,m:oMath / m:oMathPara,word/document.xml (OMML),high,high,full,full,The converter includes an OMML parser/emitter and preserves unrecognized OMML as compressed raw XML.
M0206,Mathematics,frac,math syntax/function,m:f,word/document.xml (OMML),high,high,full,full,The converter includes an OMML parser/emitter and preserves unrecognized OMML as compressed raw XML.
M0207,Mathematics,binom,math syntax/function,m:f with noBar,word/document.xml (OMML),high,high,full,full,The converter includes an OMML parser/emitter and preserves unrecognized OMML as compressed raw XML.
M0208,Mathematics,sqrt / root,math syntax/function,m:rad,word/document.xml (OMML),high,high,full,full,The converter includes an OMML parser/emitter and preserves unrecognized OMML as compressed raw XML.
M0209,Mathematics,super / sub / attach,math syntax/function,m:sSup / m:sSub / m:sSubSup / m:sPre,word/document.xml (OMML),high,high,full,full,The converter includes an OMML parser/emitter and preserves unrecognized OMML as compressed raw XML.
M0210,Mathematics,limits,math syntax/function,m:limLow / m:limUpp / m:nary limits,word/document.xml (OMML),high,high,full,full,The converter includes an OMML parser/emitter and preserves unrecognized OMML as compressed raw XML.
M0211,Mathematics,sum / product / integral / big operators,math syntax/function,m:nary,word/document.xml (OMML),high,high,full,full,The converter includes an OMML parser/emitter and preserves unrecognized OMML as compressed raw XML.
M0212,Mathematics,lr delimiters,math syntax/function,m:d,word/document.xml (OMML),high,high,full,full,The converter includes an OMML parser/emitter and preserves unrecognized OMML as compressed raw XML.
M0213,Mathematics,matrix / vector,math syntax/function,m:m,word/document.xml (OMML),high,high,full,full,The converter includes an OMML parser/emitter and preserves unrecognized OMML as compressed raw XML.
M0214,Mathematics,cases / equation array,math syntax/function,m:eqArr or matrix,word/document.xml (OMML),high,high,full,full,The converter includes an OMML parser/emitter and preserves unrecognized OMML as compressed raw XML.
M0215,Mathematics,accent,math syntax/function,m:acc,word/document.xml (OMML),high,high,full,full,The converter includes an OMML parser/emitter and preserves unrecognized OMML as compressed raw XML.
M0216,Mathematics,overline / underline,math syntax/function,m:bar,word/document.xml (OMML),high,high,full,full,The converter includes an OMML parser/emitter and preserves unrecognized OMML as compressed raw XML.
M0217,Mathematics,overbrace / underbrace,math syntax/function,m:groupChr,word/document.xml (OMML),high,high,full,full,The converter includes an OMML parser/emitter and preserves unrecognized OMML as compressed raw XML.
M0218,Mathematics,operator/function,math syntax/function,m:func,word/document.xml (OMML),high,high,full,full,The converter includes an OMML parser/emitter and preserves unrecognized OMML as compressed raw XML.
M0219,Mathematics,phantom/hide,math syntax/function,m:phant,word/document.xml (OMML),high,high,full,full,The converter includes an OMML parser/emitter and preserves unrecognized OMML as compressed raw XML.
M0220,Mathematics,math text,math syntax/function,m:r / m:t,word/document.xml (OMML),high,high,full,full,The converter includes an OMML parser/emitter and preserves unrecognized OMML as compressed raw XML.
M0221,Mathematics,math alignment points,math syntax/function,m:eqArr alignment / run layout,word/document.xml (OMML),approximate,approximate,partial,partial,The converter includes an OMML parser/emitter and preserves unrecognized OMML as compressed raw XML.
M0222,Mathematics,math font variants,math syntax/function,m:sty / m:scr / m:nor,word/document.xml (OMML),approximate,approximate,partial,partial,The converter includes an OMML parser/emitter and preserves unrecognized OMML as compressed raw XML.
M0223,Mathematics,math spacing,math syntax/function,m:ctrlPr and run spacing,word/document.xml (OMML),approximate,approximate,partial,partial,The converter includes an OMML parser/emitter and preserves unrecognized OMML as compressed raw XML.
M0224,Mathematics,math numbering/label,math syntax/function,SEQ field/bookmark beside equation,word/document.xml (OMML),high,high,full,full,The converter includes an OMML parser/emitter and preserves unrecognized OMML as compressed raw XML.
M0225,Introspection,counter,contextual function,PAGE/NUMPAGES/SEQ fields or numbering state,word/document.xml,evaluate,approximate,partial,partial,Built-in page and sequence counters map to fields; arbitrary custom counters require Typst execution.
M0226,Introspection,counter.get,contextual function,PAGE/NUMPAGES/SEQ fields or numbering state,word/document.xml,evaluate,approximate,partial,partial,Built-in page and sequence counters map to fields; arbitrary custom counters require Typst execution.
M0227,Introspection,counter.at,contextual function,PAGE/NUMPAGES/SEQ fields or numbering state,word/document.xml,evaluate,approximate,partial,partial,Built-in page and sequence counters map to fields; arbitrary custom counters require Typst execution.
M0228,Introspection,counter.display,contextual function,PAGE/NUMPAGES/SEQ fields or numbering state,word/document.xml,evaluate,approximate,partial,partial,Built-in page and sequence counters map to fields; arbitrary custom counters require Typst execution.
M0229,Introspection,counter.final,contextual function,PAGE/NUMPAGES/SEQ fields or numbering state,word/document.xml,evaluate,approximate,partial,partial,Built-in page and sequence counters map to fields; arbitrary custom counters require Typst execution.
M0230,Introspection,counter.update,contextual function,PAGE/NUMPAGES/SEQ fields or numbering state,word/document.xml,evaluate,approximate,partial,partial,Built-in page and sequence counters map to fields; arbitrary custom counters require Typst execution.
M0231,Introspection,state,contextual function,no native Word state machine,customXml/typx-source.xml,evaluate,none,preserve,none,State is source computation and is retained in the embedded source.
M0232,Introspection,state.get,contextual function,no native Word state machine,customXml/typx-source.xml,evaluate,none,preserve,none,State is source computation and is retained in the embedded source.
M0233,Introspection,state.at,contextual function,no native Word state machine,customXml/typx-source.xml,evaluate,none,preserve,none,State is source computation and is retained in the embedded source.
M0234,Introspection,state.final,contextual function,no native Word state machine,customXml/typx-source.xml,evaluate,none,preserve,none,State is source computation and is retained in the embedded source.
M0235,Introspection,state.update,contextual function,no native Word state machine,customXml/typx-source.xml,evaluate,none,preserve,none,State is source computation and is retained in the embedded source.
M0236,Introspection,query,contextual function/type,materialized result; bookmarks/fields for selected cases,document.xml + customXml,evaluate,none,preserve,none,"Word stores the result, not a general query over semantic Typst elements."
M0237,Introspection,selector,contextual function/type,materialized result; bookmarks/fields for selected cases,document.xml + customXml,evaluate,none,preserve,none,"Word stores the result, not a general query over semantic Typst elements."
M0238,Introspection,within,contextual function/type,materialized result; bookmarks/fields for selected cases,document.xml + customXml,evaluate,none,preserve,none,"Word stores the result, not a general query over semantic Typst elements."
M0239,Introspection,here,contextual function/type,materialized result; bookmarks/fields for selected cases,document.xml + customXml,evaluate,none,preserve,none,"Word stores the result, not a general query over semantic Typst elements."
M0240,Introspection,locate,contextual function/type,materialized result; bookmarks/fields for selected cases,document.xml + customXml,evaluate,none,preserve,none,"Word stores the result, not a general query over semantic Typst elements."
M0241,Introspection,location,contextual function/type,materialized result; bookmarks/fields for selected cases,document.xml + customXml,evaluate,none,preserve,none,"Word stores the result, not a general query over semantic Typst elements."
M0242,Introspection,context,contextual function/type,materialized result; bookmarks/fields for selected cases,document.xml + customXml,evaluate,none,preserve,none,"Word stores the result, not a general query over semantic Typst elements."
M0243,Data loading,read,function,external file result,customXml/* / word/document.xml,evaluate,none,partial,none,Static local includes/assets are read; arbitrary data transformations require the Typst engine.
M0244,Data loading,csv,function,table/text generated from CSV,customXml/* / word/document.xml,evaluate,none,partial,none,Static local includes/assets are read; arbitrary data transformations require the Typst engine.
M0245,Data loading,json,function,materialized result or custom XML,customXml/* / word/document.xml,evaluate,none,partial,none,Static local includes/assets are read; arbitrary data transformations require the Typst engine.
M0246,Data loading,yaml,function,materialized result,customXml/* / word/document.xml,evaluate,none,partial,none,Static local includes/assets are read; arbitrary data transformations require the Typst engine.
M0247,Data loading,toml,function,materialized result,customXml/* / word/document.xml,evaluate,none,partial,none,Static local includes/assets are read; arbitrary data transformations require the Typst engine.
M0248,Data loading,xml,function,customXml or materialized result,customXml/* / word/document.xml,evaluate,none,partial,none,Static local includes/assets are read; arbitrary data transformations require the Typst engine.
M0249,Data loading,cbor,function,materialized result,customXml/* / word/document.xml,evaluate,none,partial,none,Static local includes/assets are read; arbitrary data transformations require the Typst engine.
M0250,Data loading,bibliography file,function,bibliography sources/fields,customXml/* / word/document.xml,approximate,none,partial,none,Static local includes/assets are read; arbitrary data transformations require the Typst engine.
M0251,Export-specific,pdf.artifact,element/configuration,decorative/accessibility flag,package-specific,approximate,none,partial,none,Export-target controls do not generally have a WordprocessingML semantic equivalent and are preserved in source.
M0252,Export-specific,pdf.attach,element/configuration,OPC embedded package or OLE attachment,package-specific,approximate,none,partial,none,Export-target controls do not generally have a WordprocessingML semantic equivalent and are preserved in source.
M0253,Export-specific,pdf.embed,element/configuration,embedded file/object,package-specific,approximate,none,partial,none,Export-target controls do not generally have a WordprocessingML semantic equivalent and are preserved in source.
M0254,Export-specific,PDF standards configuration,element/configuration,no DOCX counterpart,package-specific,none,none,none,none,Export-target controls do not generally have a WordprocessingML semantic equivalent and are preserved in source.
M0255,Export-specific,HTML element,element/configuration,Word content or altChunk HTML,package-specific,approximate,none,partial,none,Export-target controls do not generally have a WordprocessingML semantic equivalent and are preserved in source.
M0256,Export-specific,html.frame,element/configuration,SVG/image fallback,package-specific,approximate,none,partial,none,Export-target controls do not generally have a WordprocessingML semantic equivalent and are preserved in source.
M0257,Export-specific,bundle,element/configuration,multiple OPC parts/resources but not multi-output semantics,package-specific,none,none,none,none,Export-target controls do not generally have a WordprocessingML semantic equivalent and are preserved in source.
M0258,Foundations / functions,arguments,function/type family,function argument bundle,multiple parts or no persistent part,evaluate,none,partial,none,Computational definitions do not survive as executable programs in DOCX. Static results are converted and the original source is available through exact-roundtrip embedding.
M0259,Foundations / functions,assert / assert.eq / assert.ne,function/type family,no document node; conversion-time diagnostic,multiple parts or no persistent part,none,none,none,none,Computational definitions do not survive as executable programs in DOCX. Static results are converted and the original source is available through exact-roundtrip embedding.
M0260,Foundations / functions,calc and numeric calculation functions,function/type family,materialized numeric property or text,multiple parts or no persistent part,evaluate,none,partial,none,Computational definitions do not survive as executable programs in DOCX. Static results are converted and the original source is available through exact-roundtrip embedding.
M0261,Foundations / functions,eval,function/type family,materialized result plus embedded source,multiple parts or no persistent part,evaluate,none,partial,none,Computational definitions do not survive as executable programs in DOCX. Static results are converted and the original source is available through exact-roundtrip embedding.
M0262,Foundations / functions,panic,function/type family,no document node; evaluation failure,multiple parts or no persistent part,none,none,none,none,Computational definitions do not survive as executable programs in DOCX. Static results are converted and the original source is available through exact-roundtrip embedding.
M0263,Foundations / functions,path,function/type family,"OPC part URI, relationship target, or source asset path",multiple parts or no persistent part,approximate,none,partial,none,Computational definitions do not survive as executable programs in DOCX. Static results are converted and the original source is available through exact-roundtrip embedding.
M0264,Foundations / functions,repr,function/type family,materialized diagnostic text,multiple parts or no persistent part,evaluate,none,partial,none,Computational definitions do not survive as executable programs in DOCX. Static results are converted and the original source is available through exact-roundtrip embedding.
M0265,Foundations / functions,standard library namespace,function/type family,no document node,multiple parts or no persistent part,none,none,none,none,Computational definitions do not survive as executable programs in DOCX. Static results are converted and the original source is available through exact-roundtrip embedding.
M0266,Foundations / functions,symbol,function/type family,"Unicode scalar, symbol-font run, or drawing",multiple parts or no persistent part,high,none,partial,none,Computational definitions do not survive as executable programs in DOCX. Static results are converted and the original source is available through exact-roundtrip embedding.
M0267,Foundations / functions,sys,function/type family,core/app properties for selected values; otherwise no counterpart,multiple parts or no persistent part,evaluate,none,partial,none,Computational definitions do not survive as executable programs in DOCX. Static results are converted and the original source is available through exact-roundtrip embedding.
M0268,Foundations / functions,target,function/type family,DOCX export target metadata only,multiple parts or no persistent part,approximate,none,partial,none,Computational definitions do not survive as executable programs in DOCX. Static results are converted and the original source is available through exact-roundtrip embedding.
M0269,Foundations / functions,plugin invocation,function/type family,materialized result plus embedded source,multiple parts or no persistent part,evaluate,none,partial,none,Computational definitions do not survive as executable programs in DOCX. Static results are converted and the original source is available through exact-roundtrip embedding.
M0270,Document model / reference inventory,asset,element,OPC part plus relationship and content type,word/document.xml and related parts,high,high,full,full,This row uses the canonical name shown in the Typst 0.15.1 reference; related syntax and detailed properties are mapped elsewhere in the matrix.
M0271,Document model / reference inventory,title,element,core title property and Title paragraph style,word/document.xml and related parts,high,high,full,full,This row uses the canonical name shown in the Typst 0.15.1 reference; related syntax and detailed properties are mapped elsewhere in the matrix.
M0272,Document model / reference inventory,bullet-list,element,w:numPr bullet numbering,word/document.xml and related parts,high,high,full,full,This row uses the canonical name shown in the Typst 0.15.1 reference; related syntax and detailed properties are mapped elsewhere in the matrix.
M0273,Document model / reference inventory,numbered-list,element,w:numPr numeric numbering,word/document.xml and related parts,high,high,full,full,This row uses the canonical name shown in the Typst 0.15.1 reference; related syntax and detailed properties are mapped elsewhere in the matrix.
M0274,Document model / reference inventory,paragraph-break,element,w:p boundary,word/document.xml and related parts,exact,exact,full,full,This row uses the canonical name shown in the Typst 0.15.1 reference; related syntax and detailed properties are mapped elsewhere in the matrix.
M0275,Document model / reference inventory,reference,element,REF/PAGEREF/NOTEREF field or hyperlink,word/document.xml and related parts,high,high,full,full,This row uses the canonical name shown in the Typst 0.15.1 reference; related syntax and detailed properties are mapped elsewhere in the matrix.
M0276,Document model / reference inventory,strong-emphasis,element,w:b,word/document.xml and related parts,exact,exact,full,full,This row uses the canonical name shown in the Typst 0.15.1 reference; related syntax and detailed properties are mapped elsewhere in the matrix.
M0277,Document model / reference inventory,emphasis,element,w:i,word/document.xml and related parts,exact,exact,full,full,This row uses the canonical name shown in the Typst 0.15.1 reference; related syntax and detailed properties are mapped elsewhere in the matrix.
M0278,Document model / reference inventory,term-list,element,definition-style paragraphs or two-column table,word/document.xml and related parts,approximate,approximate,full,partial,This row uses the canonical name shown in the Typst 0.15.1 reference; related syntax and detailed properties are mapped elsewhere in the matrix.
M0279,Text / reference inventory,lorem,element/function,materialized generated text,word/document.xml,evaluate,none,partial,none,"Word stores characters and run properties, not Typst's text-producing function call."
M0280,Text / reference inventory,lower,element/function,materialized lowercase text,word/document.xml,high,approximate,full,partial,"Word stores characters and run properties, not Typst's text-producing function call."
M0281,Text / reference inventory,upper,element/function,materialized uppercase text or w:caps,word/document.xml,high,approximate,full,partial,"Word stores characters and run properties, not Typst's text-producing function call."
M0282,Text / reference inventory,raw,element/function,Code style run/paragraph with literal text,word/document.xml,high,high,full,full,"Word stores characters and run properties, not Typst's text-producing function call."
M0283,Text / reference inventory,smartquote,element/function,literal typographic quote characters,word/document.xml,high,approximate,partial,partial,"Word stores characters and run properties, not Typst's text-producing function call."
M0284,Mathematics / reference inventory,cancel,math function,m:borderBox strikeH/strikeTLBR/strikeBLTR,word/document.xml (OMML),high,high,partial,partial,OMML and Typst math have different spacing and font-class models; unknown nodes are retained as raw OMML.
M0285,Mathematics / reference inventory,math.class,math function,OMML spacing class inferred from operator/run context,word/document.xml (OMML),approximate,none,partial,none,OMML and Typst math have different spacing and font-class models; unknown nodes are retained as raw OMML.
M0286,Mathematics / reference inventory,primes,math function,m:sSup or literal prime run,word/document.xml (OMML),high,high,full,full,OMML and Typst math have different spacing and font-class models; unknown nodes are retained as raw OMML.
M0287,Mathematics / reference inventory,math.size,math function,m:argSz and run size,word/document.xml (OMML),approximate,approximate,partial,partial,OMML and Typst math have different spacing and font-class models; unknown nodes are retained as raw OMML.
M0288,Mathematics / reference inventory,math.stretch,math function,m:d/m:nary growth and DrawingML sizing,word/document.xml (OMML),approximate,approximate,partial,partial,OMML and Typst math have different spacing and font-class models; unknown nodes are retained as raw OMML.
M0289,Mathematics / reference inventory,math.style,math function,"m:sty, m:scr, m:nor, and run properties",word/document.xml (OMML),high,high,partial,partial,OMML and Typst math have different spacing and font-class models; unknown nodes are retained as raw OMML.
M0290,Mathematics / reference inventory,math.variant,math function,m:sty/m:scr and Unicode mathematical alphabets,word/document.xml (OMML),approximate,approximate,partial,partial,OMML and Typst math have different spacing and font-class models; unknown nodes are retained as raw OMML.
M0291,Symbols,sym general symbols,module/value,"Unicode text, symbol-font run, or DrawingML fallback",word/document.xml + fonts/media,high,high,full,full,Actual appearance depends on installed fonts and the Word/Typst shaping engines.
M0292,Symbols,emoji,module/value,"Unicode emoji run, color-font glyph, or image fallback",word/document.xml + fonts/media,high,high,full,full,Actual appearance depends on installed fonts and the Word/Typst shaping engines.
M0293,Layout / reference inventory,alignment,value/element,"w:jc, table alignment, anchor alignment",word/document.xml,high,high,full,full,"Dimensions can be stored in multiple OOXML unit systems; relative layout may require resolving against a page, column, cell, or drawing frame."
M0294,Layout / reference inventory,angle,value/element,DrawingML rotation in 1/60000 degree units,word/document.xml,high,high,full,full,"Dimensions can be stored in multiple OOXML unit systems; relative layout may require resolving against a page, column, cell, or drawing frame."
M0295,Layout / reference inventory,direction,value/element,"w:bidi, w:rtl, w:textDirection",word/document.xml,high,high,full,full,"Dimensions can be stored in multiple OOXML unit systems; relative layout may require resolving against a page, column, cell, or drawing frame."
M0296,Layout / reference inventory,fraction (layout),value/element,table/grid width fractions after resolution,word/document.xml,evaluate,none,partial,none,"Dimensions can be stored in multiple OOXML unit systems; relative layout may require resolving against a page, column, cell, or drawing frame."
M0297,Layout / reference inventory,length,value/element,"twips, EMUs, half-points, percentages",word/document.xml,high,high,full,full,"Dimensions can be stored in multiple OOXML unit systems; relative layout may require resolving against a page, column, cell, or drawing frame."
M0298,Layout / reference inventory,ratio,value/element,percentage or resolved dimension,word/document.xml,high,approximate,full,partial,"Dimensions can be stored in multiple OOXML unit systems; relative layout may require resolving against a page, column, cell, or drawing frame."
M0299,Layout / reference inventory,relative length,value/element,resolved length or percentage,word/document.xml,approximate,approximate,partial,partial,"Dimensions can be stored in multiple OOXML unit systems; relative layout may require resolving against a page, column, cell, or drawing frame."
M0300,Layout / reference inventory,h spacing,value/element,"tabs, run spacing, indents, or literal spacing",word/document.xml,approximate,approximate,partial,partial,"Dimensions can be stored in multiple OOXML unit systems; relative layout may require resolving against a page, column, cell, or drawing frame."
M0301,Layout / reference inventory,v spacing,value/element,paragraph before/after spacing or empty paragraph,word/document.xml,approximate,approximate,partial,partial,"Dimensions can be stored in multiple OOXML unit systems; relative layout may require resolving against a page, column, cell, or drawing frame."
M0302,Layout / reference inventory,padding,value/element,"cell margins, paragraph indents, or text-box margins",word/document.xml,approximate,approximate,partial,partial,"Dimensions can be stored in multiple OOXML unit systems; relative layout may require resolving against a page, column, cell, or drawing frame."
M0303,Export / reference inventory,pdf.data-cell,export element/configuration,table-cell semantics and accessibility metadata,package-specific,approximate,none,partial,none,Export-only behavior is not part of WordprocessingML's document semantics and is retained in the original Typst source.
M0304,Export / reference inventory,pdf.header-cell,export element/configuration,w:tblHeader plus cell semantics,package-specific,high,none,partial,none,Export-only behavior is not part of WordprocessingML's document semantics and is retained in the original Typst source.
M0305,Export / reference inventory,pdf.table-summary,export element/configuration,w:tblDescription / accessibility metadata,package-specific,high,none,partial,none,Export-only behavior is not part of WordprocessingML's document semantics and is retained in the original Typst source.
M0306,Export / reference inventory,html.elem,export element/configuration,native Word content or altChunk HTML,package-specific,approximate,none,partial,none,Export-only behavior is not part of WordprocessingML's document semantics and is retained in the original Typst source.
M0307,Export / reference inventory,html.typed,export element/configuration,native Word content or custom XML/altChunk,package-specific,approximate,none,partial,none,Export-only behavior is not part of WordprocessingML's document semantics and is retained in the original Typst source.
M0308,Export / reference inventory,png export,export element/configuration,no source-level DOCX control; raster image when embedded,package-specific,none,none,none,none,Export-only behavior is not part of WordprocessingML's document semantics and is retained in the original Typst source.
M0309,Export / reference inventory,svg export,export element/configuration,no source-level DOCX control; SVG image when embedded,package-specific,none,none,none,none,Export-only behavior is not part of WordprocessingML's document semantics and is retained in the original Typst source.
M0310,DOCX-specific,project files/assets and exact payload,closest Typst representation,OPC package parts and relationships,multiple OOXML parts,preserve,preserve,partial,full,Unsupported Word extensions are retained as compressed raw OOXML when possible; exact package recovery is available for untouched generated counterparts.
M0311,DOCX-specific,asset MIME/type knowledge,closest Typst representation,[Content_Types].xml,multiple OOXML parts,preserve,preserve,partial,full,Unsupported Word extensions are retained as compressed raw OOXML when possible; exact package recovery is available for untouched generated counterparts.
M0312,DOCX-specific,document metadata,closest Typst representation,core properties,multiple OOXML parts,high,high,partial,full,Unsupported Word extensions are retained as compressed raw OOXML when possible; exact package recovery is available for untouched generated counterparts.
M0313,DOCX-specific,document/app metadata,closest Typst representation,extended properties,multiple OOXML parts,approximate,approximate,partial,full,Unsupported Word extensions are retained as compressed raw OOXML when possible; exact package recovery is available for untouched generated counterparts.
M0314,DOCX-specific,metadata dictionary,closest Typst representation,custom properties,multiple OOXML parts,high,high,partial,full,Unsupported Word extensions are retained as compressed raw OOXML when possible; exact package recovery is available for untouched generated counterparts.
M0315,DOCX-specific,set/show rules or direct properties,closest Typst representation,styles.xml paragraph styles,multiple OOXML parts,high,high,partial,full,Unsupported Word extensions are retained as compressed raw OOXML when possible; exact package recovery is available for untouched generated counterparts.
M0316,DOCX-specific,text wrappers,closest Typst representation,styles.xml character styles,multiple OOXML parts,high,high,partial,full,Unsupported Word extensions are retained as compressed raw OOXML when possible; exact package recovery is available for untouched generated counterparts.
M0317,DOCX-specific,table styling/show rules,closest Typst representation,table styles,multiple OOXML parts,approximate,approximate,partial,partial,Unsupported Word extensions are retained as compressed raw OOXML when possible; exact package recovery is available for untouched generated counterparts.
M0318,DOCX-specific,no visible counterpart,closest Typst representation,latent styles and style gallery metadata,multiple OOXML parts,preserve,preserve,partial,preserve,Unsupported Word extensions are retained as compressed raw OOXML when possible; exact package recovery is available for untouched generated counterparts.
M0319,DOCX-specific,explicit colors/fonts,closest Typst representation,theme colors and fonts,multiple OOXML parts,approximate,approximate,partial,partial,Unsupported Word extensions are retained as compressed raw OOXML when possible; exact package recovery is available for untouched generated counterparts.
M0320,DOCX-specific,font names,closest Typst representation,font table,multiple OOXML parts,high,high,partial,full,Unsupported Word extensions are retained as compressed raw OOXML when possible; exact package recovery is available for untouched generated counterparts.
M0321,DOCX-specific,list/enum,closest Typst representation,numbering abstractNum/num/lvl,multiple OOXML parts,high,high,partial,full,Unsupported Word extensions are retained as compressed raw OOXML when possible; exact package recovery is available for untouched generated counterparts.
M0322,DOCX-specific,image marker,closest Typst representation,picture bullets,multiple OOXML parts,approximate,approximate,partial,partial,Unsupported Word extensions are retained as compressed raw OOXML when possible; exact package recovery is available for untouched generated counterparts.
M0323,DOCX-specific,page/column/section wrapper,closest Typst representation,section break types continuous/next/even/odd,multiple OOXML parts,approximate,approximate,partial,partial,Unsupported Word extensions are retained as compressed raw OOXML when possible; exact package recovery is available for untouched generated counterparts.
M0324,DOCX-specific,conditional page header/footer,closest Typst representation,different first/odd/even headers and footers,multiple OOXML parts,high,high,partial,full,Unsupported Word extensions are retained as compressed raw OOXML when possible; exact package recovery is available for untouched generated counterparts.
M0325,DOCX-specific,page background/foreground drawing,closest Typst representation,page borders,multiple OOXML parts,approximate,approximate,partial,preserve,Unsupported Word extensions are retained as compressed raw OOXML when possible; exact package recovery is available for untouched generated counterparts.
M0326,DOCX-specific,no native general counterpart,closest Typst representation,line numbering,multiple OOXML parts,approximate,approximate,partial,full,Unsupported Word extensions are retained as compressed raw OOXML when possible; exact package recovery is available for untouched generated counterparts.
M0327,DOCX-specific,layout settings,closest Typst representation,document grid / East Asian layout grid,multiple OOXML parts,approximate,approximate,partial,preserve,Unsupported Word extensions are retained as compressed raw OOXML when possible; exact package recovery is available for untouched generated counterparts.
M0328,DOCX-specific,block fill/stroke,closest Typst representation,paragraph borders and shading,multiple OOXML parts,high,high,partial,full,Unsupported Word extensions are retained as compressed raw OOXML when possible; exact package recovery is available for untouched generated counterparts.
M0329,DOCX-specific,par tabs,closest Typst representation,paragraph tabs,multiple OOXML parts,high,high,partial,full,Unsupported Word extensions are retained as compressed raw OOXML when possible; exact package recovery is available for untouched generated counterparts.
M0330,DOCX-specific,placed large initial,closest Typst representation,drop caps / framePr,multiple OOXML parts,approximate,approximate,partial,preserve,Unsupported Word extensions are retained as compressed raw OOXML when possible; exact package recovery is available for untouched generated counterparts.
M0331,DOCX-specific,text effects,closest Typst representation,run emboss/imprint/outline/shadow,multiple OOXML parts,approximate,approximate,partial,full,Unsupported Word extensions are retained as compressed raw OOXML when possible; exact package recovery is available for untouched generated counterparts.
M0332,DOCX-specific,vector text/image,closest Typst representation,WordArt / text effects,multiple OOXML parts,approximate,approximate,partial,preserve,Unsupported Word extensions are retained as compressed raw OOXML when possible; exact package recovery is available for untouched generated counterparts.
M0333,DOCX-specific,text language / raw metadata,closest Typst representation,proofing language/noProof,multiple OOXML parts,high,high,partial,full,Unsupported Word extensions are retained as compressed raw OOXML when possible; exact package recovery is available for untouched generated counterparts.
M0334,DOCX-specific,Unicode/special spacing,closest Typst representation,soft hyphen/no-break hyphen,multiple OOXML parts,high,high,partial,full,Unsupported Word extensions are retained as compressed raw OOXML when possible; exact package recovery is available for untouched generated counterparts.
M0335,DOCX-specific,Typst counter/ref/date/link or typx_field,closest Typst representation,simple fields w:fldSimple,multiple OOXML parts,high,high,partial,full,Unsupported Word extensions are retained as compressed raw OOXML when possible; exact package recovery is available for untouched generated counterparts.
M0336,DOCX-specific,Typst counter/ref/date/link or typx_field,closest Typst representation,complex fields fldChar/instrText,multiple OOXML parts,high,high,partial,full,Unsupported Word extensions are retained as compressed raw OOXML when possible; exact package recovery is available for untouched generated counterparts.
M0337,DOCX-specific,content control/raw wrapper,closest Typst representation,form fields,multiple OOXML parts,approximate,approximate,partial,partial,Unsupported Word extensions are retained as compressed raw OOXML when possible; exact package recovery is available for untouched generated counterparts.
M0338,DOCX-specific,labels,closest Typst representation,bookmarks,multiple OOXML parts,high,high,partial,full,Unsupported Word extensions are retained as compressed raw OOXML when possible; exact package recovery is available for untouched generated counterparts.
M0339,DOCX-specific,no direct counterpart,closest Typst representation,permissions ranges,multiple OOXML parts,preserve,preserve,partial,preserve,Unsupported Word extensions are retained as compressed raw OOXML when possible; exact package recovery is available for untouched generated counterparts.
M0340,DOCX-specific,no direct counterpart,closest Typst representation,document protection,multiple OOXML parts,preserve,preserve,partial,preserve,Unsupported Word extensions are retained as compressed raw OOXML when possible; exact package recovery is available for untouched generated counterparts.
M0341,DOCX-specific,typx_change visible wrapper,closest Typst representation,tracked insertions/deletions,multiple OOXML parts,high,high,partial,full,Unsupported Word extensions are retained as compressed raw OOXML when possible; exact package recovery is available for untouched generated counterparts.
M0342,DOCX-specific,typx_change/raw revision,closest Typst representation,tracked moves,multiple OOXML parts,approximate,approximate,partial,full,Unsupported Word extensions are retained as compressed raw OOXML when possible; exact package recovery is available for untouched generated counterparts.
M0343,DOCX-specific,raw OOXML,closest Typst representation,property-change revisions,multiple OOXML parts,preserve,preserve,partial,preserve,Unsupported Word extensions are retained as compressed raw OOXML when possible; exact package recovery is available for untouched generated counterparts.
M0344,DOCX-specific,typx comment anchors and appendix,closest Typst representation,comments,multiple OOXML parts,high,high,partial,full,Unsupported Word extensions are retained as compressed raw OOXML when possible; exact package recovery is available for untouched generated counterparts.
M0345,DOCX-specific,comment metadata/raw,closest Typst representation,threaded comments / replies / resolved state,multiple OOXML parts,approximate,approximate,partial,partial,Unsupported Word extensions are retained as compressed raw OOXML when possible; exact package recovery is available for untouched generated counterparts.
M0346,DOCX-specific,footnote,closest Typst representation,footnotes,multiple OOXML parts,exact,exact,partial,full,Unsupported Word extensions are retained as compressed raw OOXML when possible; exact package recovery is available for untouched generated counterparts.
M0347,DOCX-specific,raw/typx wrapper,closest Typst representation,endnotes,multiple OOXML parts,approximate,approximate,partial,full,Unsupported Word extensions are retained as compressed raw OOXML when possible; exact package recovery is available for untouched generated counterparts.
M0348,DOCX-specific,typx_sdt wrapper,closest Typst representation,content controls rich/plain text,multiple OOXML parts,high,high,partial,full,Unsupported Word extensions are retained as compressed raw OOXML when possible; exact package recovery is available for untouched generated counterparts.
M0349,DOCX-specific,typx_sdt wrapper,closest Typst representation,checkbox/date/dropdown/combo/picture content controls,multiple OOXML parts,approximate,approximate,partial,full,Unsupported Word extensions are retained as compressed raw OOXML when possible; exact package recovery is available for untouched generated counterparts.
M0350,DOCX-specific,typx_sdt/raw,closest Typst representation,repeating-section content controls,multiple OOXML parts,preserve,preserve,partial,full,Unsupported Word extensions are retained as compressed raw OOXML when possible; exact package recovery is available for untouched generated counterparts.
M0351,DOCX-specific,typx_sdt data binding metadata,closest Typst representation,data-bound content controls,multiple OOXML parts,preserve,preserve,partial,full,Unsupported Word extensions are retained as compressed raw OOXML when possible; exact package recovery is available for untouched generated counterparts.
M0352,DOCX-specific,raw payload or source asset,closest Typst representation,custom XML parts,multiple OOXML parts,preserve,preserve,partial,preserve,Unsupported Word extensions are retained as compressed raw OOXML when possible; exact package recovery is available for untouched generated counterparts.
M0353,DOCX-specific,raw inline wrapper,closest Typst representation,smart tags,multiple OOXML parts,preserve,preserve,partial,preserve,Unsupported Word extensions are retained as compressed raw OOXML when possible; exact package recovery is available for untouched generated counterparts.
M0354,DOCX-specific,raw block with fallback,closest Typst representation,altChunk HTML/RTF/MHTML,multiple OOXML parts,preserve,preserve,partial,full,Unsupported Word extensions are retained as compressed raw OOXML when possible; exact package recovery is available for untouched generated counterparts.
M0355,DOCX-specific,image,closest Typst representation,DrawingML inline pictures,multiple OOXML parts,high,high,partial,full,Unsupported Word extensions are retained as compressed raw OOXML when possible; exact package recovery is available for untouched generated counterparts.
M0356,DOCX-specific,place/image,closest Typst representation,floating drawings and text wrapping,multiple OOXML parts,approximate,approximate,partial,full,Unsupported Word extensions are retained as compressed raw OOXML when possible; exact package recovery is available for untouched generated counterparts.
M0357,DOCX-specific,image/raw OOXML,closest Typst representation,VML legacy drawings,multiple OOXML parts,preserve,preserve,partial,full,Unsupported Word extensions are retained as compressed raw OOXML when possible; exact package recovery is available for untouched generated counterparts.
M0358,DOCX-specific,shape/image/block,closest Typst representation,shapes and text boxes,multiple OOXML parts,approximate,approximate,partial,partial,Unsupported Word extensions are retained as compressed raw OOXML when possible; exact package recovery is available for untouched generated counterparts.
M0359,DOCX-specific,image/raw,closest Typst representation,grouped drawings,multiple OOXML parts,preserve,preserve,partial,preserve,Unsupported Word extensions are retained as compressed raw OOXML when possible; exact package recovery is available for untouched generated counterparts.
M0360,DOCX-specific,rendered image plus raw chart parts,closest Typst representation,charts,multiple OOXML parts,preserve,preserve,partial,preserve,Unsupported Word extensions are retained as compressed raw OOXML when possible; exact package recovery is available for untouched generated counterparts.
M0361,DOCX-specific,rendered image plus raw diagram parts,closest Typst representation,SmartArt diagrams,multiple OOXML parts,preserve,preserve,partial,preserve,Unsupported Word extensions are retained as compressed raw OOXML when possible; exact package recovery is available for untouched generated counterparts.
M0362,DOCX-specific,attachment/link/raw,closest Typst representation,embedded OLE objects,multiple OOXML parts,preserve,preserve,partial,preserve,Unsupported Word extensions are retained as compressed raw OOXML when possible; exact package recovery is available for untouched generated counterparts.
M0363,DOCX-specific,asset/raw,closest Typst representation,embedded packages,multiple OOXML parts,preserve,preserve,partial,preserve,Unsupported Word extensions are retained as compressed raw OOXML when possible; exact package recovery is available for untouched generated counterparts.
M0364,DOCX-specific,no `.docx` counterpart,closest Typst representation,macros in DOCM,multiple OOXML parts,none,none,none,none,Unsupported Word extensions are retained as compressed raw OOXML when possible; exact package recovery is available for untouched generated counterparts.
M0365,DOCX-specific,Typst math,closest Typst representation,OMML equations,multiple OOXML parts,high,high,partial,full,Unsupported Word extensions are retained as compressed raw OOXML when possible; exact package recovery is available for untouched generated counterparts.
M0366,DOCX-specific,no direct counterpart,closest Typst representation,mail merge settings/data source,multiple OOXML parts,preserve,preserve,partial,preserve,Unsupported Word extensions are retained as compressed raw OOXML when possible; exact package recovery is available for untouched generated counterparts.
M0367,DOCX-specific,bibliography/cite,closest Typst representation,bibliography sources,multiple OOXML parts,approximate,approximate,partial,partial,Unsupported Word extensions are retained as compressed raw OOXML when possible; exact package recovery is available for untouched generated counterparts.
M0368,DOCX-specific,include/template source,closest Typst representation,glossary document/building blocks,multiple OOXML parts,preserve,preserve,partial,preserve,Unsupported Word extensions are retained as compressed raw OOXML when possible; exact package recovery is available for untouched generated counterparts.
M0369,DOCX-specific,metadata/state,closest Typst representation,document variables,multiple OOXML parts,approximate,approximate,partial,partial,Unsupported Word extensions are retained as compressed raw OOXML when possible; exact package recovery is available for untouched generated counterparts.
M0370,DOCX-specific,no direct counterpart,closest Typst representation,web settings,multiple OOXML parts,preserve,preserve,partial,preserve,Unsupported Word extensions are retained as compressed raw OOXML when possible; exact package recovery is available for untouched generated counterparts.
M0371,DOCX-specific,no direct counterpart,closest Typst representation,printer settings,multiple OOXML parts,preserve,preserve,partial,preserve,Unsupported Word extensions are retained as compressed raw OOXML when possible; exact package recovery is available for untouched generated counterparts.
M0372,DOCX-specific,font reference only,closest Typst representation,embedded fonts/font obfuscation,multiple OOXML parts,preserve,preserve,partial,preserve,Unsupported Word extensions are retained as compressed raw OOXML when possible; exact package recovery is available for untouched generated counterparts.
M0373,DOCX-specific,no semantic counterpart,closest Typst representation,digital signatures,multiple OOXML parts,none,none,none,none,Unsupported Word extensions are retained as compressed raw OOXML when possible; exact package recovery is available for untouched generated counterparts.
M0374,DOCX-specific,outside unencrypted DOCX model,closest Typst representation,IRM/encryption,multiple OOXML parts,none,none,none,none,Unsupported Word extensions are retained as compressed raw OOXML when possible; exact package recovery is available for untouched generated counterparts.
M0375,DOCX-specific,selected fallback plus raw OOXML,closest Typst representation,MCE AlternateContent,multiple OOXML parts,preserve,preserve,partial,full,Unsupported Word extensions are retained as compressed raw OOXML when possible; exact package recovery is available for untouched generated counterparts.
M0376,DOCX-specific,native approximation plus raw OOXML,closest Typst representation,Word 2010–2026 w14/w15/w16 extensions,multiple OOXML parts,preserve,preserve,partial,full,Unsupported Word extensions are retained as compressed raw OOXML when possible; exact package recovery is available for untouched generated counterparts.
M0377,DOCX-specific,image alt text,closest Typst representation,accessibility image descriptions,multiple OOXML parts,high,high,partial,full,Unsupported Word extensions are retained as compressed raw OOXML when possible; exact package recovery is available for untouched generated counterparts.
M0378,DOCX-specific,figure/table caption metadata,closest Typst representation,table captions/descriptions,multiple OOXML parts,high,high,partial,full,Unsupported Word extensions are retained as compressed raw OOXML when possible; exact package recovery is available for untouched generated counterparts.
M0379,DOCX-specific,par spacing/leading,closest Typst representation,w:pPr/w:spacing before/after/line/lineRule,multiple OOXML parts,high,high,partial,full,Unsupported Word extensions are retained as compressed raw OOXML when possible; exact package recovery is available for untouched generated counterparts.
M0380,DOCX-specific,par indents,closest Typst representation,w:pPr/w:ind left/right/firstLine/hanging/start/end,multiple OOXML parts,high,high,partial,full,Unsupported Word extensions are retained as compressed raw OOXML when possible; exact package recovery is available for untouched generated counterparts.
M0381,DOCX-specific,par alignment,closest Typst representation,w:pPr/w:jc and w:jc/@w:val variants,multiple OOXML parts,high,high,partial,full,Unsupported Word extensions are retained as compressed raw OOXML when possible; exact package recovery is available for untouched generated counterparts.
M0382,DOCX-specific,par keep/pagebreak behavior,closest Typst representation,"w:pPr/w:keepNext, w:keepLines, w:pageBreakBefore",multiple OOXML parts,high,high,partial,full,Unsupported Word extensions are retained as compressed raw OOXML when possible; exact package recovery is available for untouched generated counterparts.
M0383,DOCX-specific,par widow/orphan and spacing behavior,closest Typst representation,w:pPr/w:widowControl and contextualSpacing,multiple OOXML parts,approximate,approximate,partial,full,Unsupported Word extensions are retained as compressed raw OOXML when possible; exact package recovery is available for untouched generated counterparts.
M0384,DOCX-specific,heading outline level,closest Typst representation,w:pPr/w:outlineLvl,multiple OOXML parts,high,high,partial,full,Unsupported Word extensions are retained as compressed raw OOXML when possible; exact package recovery is available for untouched generated counterparts.
M0385,DOCX-specific,text/par direction,closest Typst representation,w:pPr/w:bidi and w:textDirection,multiple OOXML parts,high,high,partial,full,Unsupported Word extensions are retained as compressed raw OOXML when possible; exact package recovery is available for untouched generated counterparts.
M0386,DOCX-specific,par mirror/line-number settings,closest Typst representation,w:pPr mirrorIndents/suppressLineNumbers,multiple OOXML parts,high,high,partial,full,Unsupported Word extensions are retained as compressed raw OOXML when possible; exact package recovery is available for untouched generated counterparts.
M0387,DOCX-specific,East Asian line-breaking settings,closest Typst representation,w:pPr kinsoku/wordWrap/overflowPunct,multiple OOXML parts,approximate,approximate,partial,preserve,Unsupported Word extensions are retained as compressed raw OOXML when possible; exact package recovery is available for untouched generated counterparts.
M0388,DOCX-specific,script-aware spacing settings,closest Typst representation,w:pPr autoSpaceDE/autoSpaceDN/adjustRightInd,multiple OOXML parts,approximate,approximate,partial,preserve,Unsupported Word extensions are retained as compressed raw OOXML when possible; exact package recovery is available for untouched generated counterparts.
M0389,DOCX-specific,layout hints,closest Typst representation,w:pPr snapToGrid/textAlignment/textboxTightWrap,multiple OOXML parts,approximate,approximate,partial,preserve,Unsupported Word extensions are retained as compressed raw OOXML when possible; exact package recovery is available for untouched generated counterparts.
M0390,DOCX-specific,text font selection,closest Typst representation,w:rPr/w:rFonts ascii/hAnsi/eastAsia/cs/theme,multiple OOXML parts,high,high,partial,full,Unsupported Word extensions are retained as compressed raw OOXML when possible; exact package recovery is available for untouched generated counterparts.
M0391,DOCX-specific,strong/emph/underline/strike,closest Typst representation,w:rPr bold/italic/underline/strike/dstrike,multiple OOXML parts,exact,exact,partial,full,Unsupported Word extensions are retained as compressed raw OOXML when possible; exact package recovery is available for untouched generated counterparts.
M0392,DOCX-specific,uppercase/smallcaps/hide,closest Typst representation,w:rPr caps/smallCaps/vanish,multiple OOXML parts,high,high,partial,full,Unsupported Word extensions are retained as compressed raw OOXML when possible; exact package recovery is available for untouched generated counterparts.
M0393,DOCX-specific,super/sub/baseline,closest Typst representation,w:rPr vertAlign/position,multiple OOXML parts,high,high,partial,full,Unsupported Word extensions are retained as compressed raw OOXML when possible; exact package recovery is available for untouched generated counterparts.
M0394,DOCX-specific,text fill/highlight,closest Typst representation,w:rPr color/highlight/shading,multiple OOXML parts,high,high,partial,full,Unsupported Word extensions are retained as compressed raw OOXML when possible; exact package recovery is available for untouched generated counterparts.
M0395,DOCX-specific,text size/tracking/stretch,closest Typst representation,w:rPr sz/szCs/spacing/w,multiple OOXML parts,high,high,partial,full,Unsupported Word extensions are retained as compressed raw OOXML when possible; exact package recovery is available for untouched generated counterparts.
M0396,DOCX-specific,language/direction/proofing,closest Typst representation,w:rPr lang/rtl/cs/noProof,multiple OOXML parts,high,high,partial,full,Unsupported Word extensions are retained as compressed raw OOXML when possible; exact package recovery is available for untouched generated counterparts.
M0397,DOCX-specific,text effects,closest Typst representation,w:rPr emboss/imprint/outline/shadow,multiple OOXML parts,approximate,approximate,partial,full,Unsupported Word extensions are retained as compressed raw OOXML when possible; exact package recovery is available for untouched generated counterparts.
M0398,DOCX-specific,kerning/fitted run/layout hint,closest Typst representation,w:rPr kern/fitText/snapToGrid,multiple OOXML parts,approximate,approximate,partial,preserve,Unsupported Word extensions are retained as compressed raw OOXML when possible; exact package recovery is available for untouched generated counterparts.
M0399,DOCX-specific,script/layout/visibility metadata,closest Typst representation,w:rPr eastAsianLayout/specVanish/webHidden,multiple OOXML parts,preserve,preserve,partial,preserve,Unsupported Word extensions are retained as compressed raw OOXML when possible; exact package recovery is available for untouched generated counterparts.
M0400,DOCX-specific,table width/alignment/layout,closest Typst representation,"w:tblPr/w:tblW, w:jc, w:tblLayout",multiple OOXML parts,high,high,partial,full,Unsupported Word extensions are retained as compressed raw OOXML when possible; exact package recovery is available for untouched generated counterparts.
M0401,DOCX-specific,table/cell strokes,closest Typst representation,w:tblBorders and w:tcBorders,multiple OOXML parts,high,high,partial,full,Unsupported Word extensions are retained as compressed raw OOXML when possible; exact package recovery is available for untouched generated counterparts.
M0402,DOCX-specific,table/cell padding,closest Typst representation,w:tblCellMar and w:tcMar,multiple OOXML parts,high,high,partial,full,Unsupported Word extensions are retained as compressed raw OOXML when possible; exact package recovery is available for untouched generated counterparts.
M0403,DOCX-specific,table show-rule/style metadata,closest Typst representation,w:tblStyle and w:tblLook,multiple OOXML parts,approximate,approximate,partial,partial,Unsupported Word extensions are retained as compressed raw OOXML when possible; exact package recovery is available for untouched generated counterparts.
M0404,DOCX-specific,right-to-left table order,closest Typst representation,w:bidiVisual,multiple OOXML parts,high,high,partial,full,Unsupported Word extensions are retained as compressed raw OOXML when possible; exact package recovery is available for untouched generated counterparts.
M0405,DOCX-specific,table caption/description,closest Typst representation,w:tblCaption and w:tblDescription,multiple OOXML parts,high,high,partial,full,Unsupported Word extensions are retained as compressed raw OOXML when possible; exact package recovery is available for untouched generated counterparts.
M0406,DOCX-specific,header row/splitting/height,closest Typst representation,"w:trPr/w:tblHeader, cantSplit, trHeight",multiple OOXML parts,high,high,partial,full,Unsupported Word extensions are retained as compressed raw OOXML when possible; exact package recovery is available for untouched generated counterparts.
M0407,DOCX-specific,table cell colspan/rowspan,closest Typst representation,w:tcPr/w:gridSpan and w:vMerge,multiple OOXML parts,high,high,partial,full,Unsupported Word extensions are retained as compressed raw OOXML when possible; exact package recovery is available for untouched generated counterparts.
M0408,DOCX-specific,cell width/fill/alignment/direction,closest Typst representation,"w:tcPr/w:tcW, shd, vAlign, textDirection",multiple OOXML parts,high,high,partial,full,Unsupported Word extensions are retained as compressed raw OOXML when possible; exact package recovery is available for untouched generated counterparts.
M0409,DOCX-specific,resolved table styling,closest Typst representation,w:tblPrEx and conditional table formatting,multiple OOXML parts,approximate,approximate,partial,preserve,Unsupported Word extensions are retained as compressed raw OOXML when possible; exact package recovery is available for untouched generated counterparts.
M0410,DOCX-specific,typx_change/raw table revision,closest Typst representation,table row/cell insertion/deletion revisions,multiple OOXML parts,preserve,preserve,partial,preserve,Unsupported Word extensions are retained as compressed raw OOXML when possible; exact package recovery is available for untouched generated counterparts.
M0411,DOCX-specific,page size/orientation/margins/gutter,closest Typst representation,w:sectPr/w:pgSz and w:pgMar,multiple OOXML parts,high,high,partial,full,Unsupported Word extensions are retained as compressed raw OOXML when possible; exact package recovery is available for untouched generated counterparts.
M0412,DOCX-specific,page columns,closest Typst representation,w:sectPr/w:cols including unequal columns,multiple OOXML parts,high,high,partial,full,Unsupported Word extensions are retained as compressed raw OOXML when possible; exact package recovery is available for untouched generated counterparts.
M0413,DOCX-specific,page-number start/format,closest Typst representation,w:sectPr/w:pgNumType,multiple OOXML parts,high,high,partial,full,Unsupported Word extensions are retained as compressed raw OOXML when possible; exact package recovery is available for untouched generated counterparts.
M0414,DOCX-specific,page headers/footers,closest Typst representation,w:sectPr headerReference/footerReference,multiple OOXML parts,high,high,partial,full,Unsupported Word extensions are retained as compressed raw OOXML when possible; exact package recovery is available for untouched generated counterparts.
M0415,DOCX-specific,first/even/odd page variants,closest Typst representation,w:sectPr titlePg/evenAndOddHeaders,multiple OOXML parts,high,high,partial,full,Unsupported Word extensions are retained as compressed raw OOXML when possible; exact package recovery is available for untouched generated counterparts.
M0416,DOCX-specific,line numbering,closest Typst representation,w:sectPr/w:lnNumType,multiple OOXML parts,approximate,approximate,partial,full,Unsupported Word extensions are retained as compressed raw OOXML when possible; exact package recovery is available for untouched generated counterparts.
M0417,DOCX-specific,vertical page alignment,closest Typst representation,w:sectPr/w:vAlign,multiple OOXML parts,approximate,approximate,partial,full,Unsupported Word extensions are retained as compressed raw OOXML when possible; exact package recovery is available for untouched generated counterparts.
M0418,DOCX-specific,note placement/numbering metadata,closest Typst representation,w:sectPr/w:footnotePr and w:endnotePr,multiple OOXML parts,approximate,approximate,partial,preserve,Unsupported Word extensions are retained as compressed raw OOXML when possible; exact package recovery is available for untouched generated counterparts.
M0419,DOCX-specific,printer paper source,closest Typst representation,w:sectPr/w:paperSrc,multiple OOXML parts,preserve,preserve,partial,preserve,Unsupported Word extensions are retained as compressed raw OOXML when possible; exact package recovery is available for untouched generated counterparts.
M0420,DOCX-specific,field update hint,closest Typst representation,w:settings/w:updateFields,multiple OOXML parts,high,high,partial,full,Unsupported Word extensions are retained as compressed raw OOXML when possible; exact package recovery is available for untouched generated counterparts.
M0421,DOCX-specific,default tab width,closest Typst representation,w:settings/w:defaultTabStop,multiple OOXML parts,high,high,partial,full,Unsupported Word extensions are retained as compressed raw OOXML when possible; exact package recovery is available for untouched generated counterparts.
M0422,DOCX-specific,revision-preservation policy,closest Typst representation,w:settings/w:trackRevisions and revision view,multiple OOXML parts,high,high,partial,full,Unsupported Word extensions are retained as compressed raw OOXML when possible; exact package recovery is available for untouched generated counterparts.
M0423,DOCX-specific,converter compatibility metadata,closest Typst representation,w:settings compatibility settings,multiple OOXML parts,preserve,preserve,partial,preserve,Unsupported Word extensions are retained as compressed raw OOXML when possible; exact package recovery is available for untouched generated counterparts.
M0424,DOCX-specific,hyphenation policy,closest Typst representation,w:settings autoHyphenation/consecutiveHyphenLimit,multiple OOXML parts,approximate,approximate,partial,preserve,Unsupported Word extensions are retained as compressed raw OOXML when possible; exact package recovery is available for untouched generated counterparts.
M0425,DOCX-specific,application view settings,closest Typst representation,w:settings zoom/view/displayBackgroundShape,multiple OOXML parts,preserve,preserve,partial,preserve,Unsupported Word extensions are retained as compressed raw OOXML when possible; exact package recovery is available for untouched generated counterparts.
M0426,DOCX-specific,locale and theme metadata,closest Typst representation,w:settings themeFontLang/decimalSymbol/listSeparator,multiple OOXML parts,approximate,approximate,partial,preserve,Unsupported Word extensions are retained as compressed raw OOXML when possible; exact package recovery is available for untouched generated counterparts.
M0427,DOCX-specific,no semantic counterpart,closest Typst representation,w:settings rsids and session identifiers,multiple OOXML parts,preserve,preserve,partial,preserve,Unsupported Word extensions are retained as compressed raw OOXML when possible; exact package recovery is available for untouched generated counterparts.
M0428,DOCX-specific,inline/floating image or placed content,closest Typst representation,wp:inline and wp:anchor,multiple OOXML parts,high,high,partial,full,Unsupported Word extensions are retained as compressed raw OOXML when possible; exact package recovery is available for untouched generated counterparts.
M0429,DOCX-specific,image extent/effects/alt text/title,closest Typst representation,wp:extent/effectExtent/docPr,multiple OOXML parts,high,high,partial,full,Unsupported Word extensions are retained as compressed raw OOXML when possible; exact package recovery is available for untouched generated counterparts.
M0430,DOCX-specific,image wrapping,closest Typst representation,wp:wrapNone/wrapSquare/wrapTight/wrapThrough/wrapTopAndBottom,multiple OOXML parts,approximate,approximate,partial,full,Unsupported Word extensions are retained as compressed raw OOXML when possible; exact package recovery is available for untouched generated counterparts.
M0431,DOCX-specific,place alignment and offsets,closest Typst representation,wp:positionH/positionV/simplePos,multiple OOXML parts,approximate,approximate,partial,full,Unsupported Word extensions are retained as compressed raw OOXML when possible; exact package recovery is available for untouched generated counterparts.
M0432,DOCX-specific,floating placement metadata,closest Typst representation,wp:anchor relativeHeight/behindDoc/layoutInCell/locked/allowOverlap,multiple OOXML parts,approximate,approximate,partial,full,Unsupported Word extensions are retained as compressed raw OOXML when possible; exact package recovery is available for untouched generated counterparts.
M0433,DOCX-specific,image source/crop/transform/extent,closest Typst representation,a:blip/a:srcRect/a:xfrm/a:ext,multiple OOXML parts,high,high,partial,full,Unsupported Word extensions are retained as compressed raw OOXML when possible; exact package recovery is available for untouched generated counterparts.
M0434,DOCX-specific,Typst shape geometry/stroke/fill,closest Typst representation,a:prstGeom/a:custGeom/a:ln/fill,multiple OOXML parts,approximate,approximate,partial,preserve,Unsupported Word extensions are retained as compressed raw OOXML when possible; exact package recovery is available for untouched generated counterparts.
M0435,DOCX-specific,comment threading/resolution metadata,closest Typst representation,commentsExtended.xml/commentsExtensible.xml/commentsIds.xml,multiple OOXML parts,approximate,approximate,partial,partial,Unsupported Word extensions are retained as compressed raw OOXML when possible; exact package recovery is available for untouched generated counterparts.
M0436,DOCX-specific,comment/revision author metadata,closest Typst representation,people.xml author identities,multiple OOXML parts,approximate,approximate,partial,partial,Unsupported Word extensions are retained as compressed raw OOXML when possible; exact package recovery is available for untouched generated counterparts.
M0437,DOCX-specific,text/paragraph style effects,closest Typst representation,stylesWithEffects.xml,multiple OOXML parts,preserve,preserve,partial,preserve,Unsupported Word extensions are retained as compressed raw OOXML when possible; exact package recovery is available for untouched generated counterparts.
M0438,DOCX-specific,bibliography/citation keys and metadata,closest Typst representation,bibliography.xml source records,multiple OOXML parts,approximate,approximate,partial,partial,Unsupported Word extensions are retained as compressed raw OOXML when possible; exact package recovery is available for untouched generated counterparts.
M0439,DOCX-specific,image or raw drawing payload,closest Typst representation,ink/inkML parts,multiple OOXML parts,preserve,preserve,partial,preserve,Unsupported Word extensions are retained as compressed raw OOXML when possible; exact package recovery is available for untouched generated counterparts.
M0440,DOCX-specific,raw embedded object/content-control fallback,closest Typst representation,ActiveX controls and control properties,multiple OOXML parts,preserve,preserve,partial,preserve,Unsupported Word extensions are retained as compressed raw OOXML when possible; exact package recovery is available for untouched generated counterparts.
M0441,DOCX-specific,no document-semantic counterpart,closest Typst representation,customUI/ribbon parts,multiple OOXML parts,none,none,none,none,Unsupported Word extensions are retained as compressed raw OOXML when possible; exact package recovery is available for untouched generated counterparts.
M0442,DOCX-specific,converter mode/package metadata,closest Typst representation,document conformance strict/transitional,multiple OOXML parts,approximate,approximate,partial,partial,Unsupported Word extensions are retained as compressed raw OOXML when possible; exact package recovery is available for untouched generated counterparts.
